-- MySQL dump 10.13  Distrib 8.0.33, for Win64 (x86_64)
--
-- Host: localhost    Database: guarderia_patitas
-- ------------------------------------------------------
-- Server version	8.0.41

/*!40101 SET @OLD_CHARACTER_SET_CLIENT=@@CHARACTER_SET_CLIENT */;
/*!40101 SET @OLD_CHARACTER_SET_RESULTS=@@CHARACTER_SET_RESULTS */;
/*!40101 SET @OLD_COLLATION_CONNECTION=@@COLLATION_CONNECTION */;
/*!50503 SET NAMES utf8mb4 */;
/*!40103 SET @OLD_TIME_ZONE=@@TIME_ZONE */;
/*!40103 SET TIME_ZONE='+00:00' */;
/*!40014 SET @OLD_UNIQUE_CHECKS=@@UNIQUE_CHECKS, UNIQUE_CHECKS=0 */;
/*!40014 SET @OLD_FOREIGN_KEY_CHECKS=@@FOREIGN_KEY_CHECKS, FOREIGN_KEY_CHECKS=0 */;
/*!40101 SET @OLD_SQL_MODE=@@SQL_MODE, SQL_MODE='NO_AUTO_VALUE_ON_ZERO' */;
/*!40111 SET @OLD_SQL_NOTES=@@SQL_NOTES, SQL_NOTES=0 */;

--
-- Table structure for table `patitas_cuidador_admite`
--

DROP TABLE IF EXISTS `patitas_cuidador_admite`;
/*!40101 SET @saved_cs_client     = @@character_set_client */;
/*!50503 SET character_set_client = utf8mb4 */;
CREATE TABLE `patitas_cuidador_admite` (
  `id` int NOT NULL AUTO_INCREMENT,
  `cuidador_id` int DEFAULT NULL,
  `tipo_mascota` enum('perro','gato') COLLATE utf8mb4_general_ci DEFAULT NULL,
  `tamano` enum('pequeño','mediano','grande') COLLATE utf8mb4_general_ci DEFAULT NULL,
  PRIMARY KEY (`id`),
  KEY `cuidador_id` (`cuidador_id`),
  CONSTRAINT `patitas_cuidador_admite_ibfk_1` FOREIGN KEY (`cuidador_id`) REFERENCES `patitas_cuidadores` (`id`) ON DELETE CASCADE
) ENGINE=InnoDB AUTO_INCREMENT=183 DEFAULT CHARSET=utf8mb4 COLLATE=utf8mb4_general_ci;
/*!40101 SET character_set_client = @saved_cs_client */;

--
-- Dumping data for table `patitas_cuidador_admite`
--

/*!40000 ALTER TABLE `patitas_cuidador_admite` DISABLE KEYS */;
INSERT INTO `patitas_cuidador_admite` VALUES (1,1,'perro','mediano'),(2,1,'perro','grande'),(3,2,'perro','grande'),(4,3,'gato','mediano'),(5,4,'gato','pequeño'),(6,5,'gato','mediano'),(7,6,'gato','mediano'),(8,7,'perro','mediano'),(9,8,'perro','mediano'),(10,8,'gato','mediano'),(11,9,'perro','grande'),(12,10,'perro','grande'),(13,11,'perro','pequeño'),(14,11,'perro','mediano'),(15,11,'gato','pequeño'),(16,11,'gato','mediano'),(17,12,'gato','pequeño'),(18,13,'perro','pequeño'),(19,14,'perro','mediano'),(20,15,'perro','pequeño'),(21,15,'perro','mediano'),(22,15,'gato','pequeño'),(23,15,'gato','mediano'),(24,16,'gato','pequeño'),(25,17,'gato','mediano'),(26,18,'perro','mediano'),(27,19,'gato','pequeño'),(28,20,'perro','grande'),(29,21,'perro','pequeño'),(30,21,'perro','grande'),(31,22,'gato','mediano'),(32,23,'perro','pequeño'),(33,24,'perro','pequeño'),(34,24,'perro','grande'),(35,24,'gato','pequeño'),(36,24,'gato','grande'),(37,25,'gato','mediano'),(38,26,'perro','pequeño'),(39,26,'perro','mediano'),(40,26,'gato','pequeño'),(41,26,'gato','mediano'),(42,27,'perro','mediano'),(43,27,'gato','mediano'),(44,28,'perro','mediano'),(45,28,'perro','grande'),(46,28,'gato','mediano'),(47,28,'gato','grande'),(48,29,'perro','mediano'),(49,30,'gato','mediano'),(50,31,'perro','mediano'),(51,31,'gato','mediano'),(52,32,'perro','pequeño'),(53,33,'perro','grande'),(54,34,'perro','grande'),(55,35,'perro','mediano'),(56,36,'perro','mediano'),(57,36,'gato','mediano'),(58,37,'perro','mediano'),(59,38,'gato','mediano'),(60,39,'gato','mediano'),(61,40,'perro','mediano'),(62,41,'perro','mediano'),(63,42,'perro','pequeño'),(64,42,'perro','mediano'),(65,43,'perro','pequeño'),(66,44,'perro','pequeño'),(67,45,'perro','pequeño'),(68,45,'perro','mediano'),(69,46,'perro','mediano'),(70,46,'perro','grande'),(71,47,'gato','mediano'),(72,48,'perro','pequeño'),(73,48,'perro','grande'),(74,49,'perro','mediano'),(75,50,'perro','mediano'),(76,51,'perro','mediano'),(77,51,'perro','grande'),(78,51,'gato','mediano'),(79,51,'gato','grande'),(80,52,'gato','mediano'),(81,53,'perro','pequeño'),(82,53,'perro','mediano'),(83,53,'perro','grande'),(84,53,'gato','pequeño'),(85,53,'gato','mediano'),(86,53,'gato','grande'),(87,54,'perro','pequeño'),(88,54,'perro','mediano'),(89,54,'perro','grande'),(90,54,'gato','pequeño'),(91,54,'gato','mediano'),(92,54,'gato','grande'),(93,55,'perro','pequeño'),(94,55,'perro','mediano'),(95,55,'perro','grande'),(96,55,'gato','pequeño'),(97,55,'gato','mediano'),(98,55,'gato','grande'),(99,56,'perro','pequeño'),(100,56,'perro','mediano'),(101,56,'perro','grande'),(102,56,'gato','pequeño'),(103,56,'gato','mediano'),(104,56,'gato','grande'),(105,57,'perro','pequeño'),(106,57,'perro','mediano'),(107,57,'perro','grande'),(108,57,'gato','pequeño'),(109,57,'gato','mediano'),(110,57,'gato','grande'),(111,58,'perro','pequeño'),(112,58,'perro','mediano'),(113,58,'perro','grande'),(114,58,'gato','pequeño'),(115,58,'gato','mediano'),(116,58,'gato','grande'),(117,59,'perro','pequeño'),(118,59,'perro','mediano'),(119,59,'perro','grande'),(120,59,'gato','pequeño'),(121,59,'gato','mediano'),(122,59,'gato','grande'),(123,60,'perro','pequeño'),(124,60,'perro','mediano'),(125,60,'perro','grande'),(126,60,'gato','pequeño'),(127,60,'gato','mediano'),(128,60,'gato','grande'),(129,61,'perro','pequeño'),(130,61,'perro','mediano'),(131,61,'perro','grande'),(132,61,'gato','pequeño'),(133,61,'gato','mediano'),(134,61,'gato','grande'),(135,62,'perro','pequeño'),(136,62,'perro','mediano'),(137,62,'perro','grande'),(138,62,'gato','pequeño'),(139,62,'gato','mediano'),(140,62,'gato','grande'),(141,63,'perro','pequeño'),(142,63,'perro','mediano'),(143,63,'perro','grande'),(144,63,'gato','pequeño'),(145,63,'gato','mediano'),(146,63,'gato','grande'),(147,64,'perro','pequeño'),(148,64,'perro','mediano'),(149,64,'perro','grande'),(150,64,'gato','pequeño'),(151,64,'gato','mediano'),(152,64,'gato','grande'),(153,65,'perro','pequeño'),(154,65,'perro','mediano'),(155,65,'perro','grande'),(156,65,'gato','pequeño'),(157,65,'gato','mediano'),(158,65,'gato','grande'),(159,66,'perro','pequeño'),(160,66,'perro','mediano'),(161,66,'perro','grande'),(162,66,'gato','pequeño'),(163,66,'gato','mediano'),(164,66,'gato','grande'),(165,67,'perro','pequeño'),(166,67,'perro','mediano'),(167,67,'perro','grande'),(168,67,'gato','pequeño'),(169,67,'gato','mediano'),(170,67,'gato','grande'),(171,68,'perro','pequeño'),(172,68,'perro','mediano'),(173,68,'perro','grande'),(174,68,'gato','pequeño'),(175,68,'gato','mediano'),(176,68,'gato','grande'),(177,69,'perro','pequeño'),(178,69,'perro','mediano'),(179,69,'perro','grande'),(180,69,'gato','pequeño'),(181,69,'gato','mediano'),(182,69,'gato','grande');
/*!40000 ALTER TABLE `patitas_cuidador_admite` ENABLE KEYS */;

--
-- Table structure for table `patitas_cuidador_servicios`
--

DROP TABLE IF EXISTS `patitas_cuidador_servicios`;
/*!40101 SET @saved_cs_client     = @@character_set_client */;
/*!50503 SET character_set_client = utf8mb4 */;
CREATE TABLE `patitas_cuidador_servicios` (
  `id` int NOT NULL AUTO_INCREMENT,
  `cuidador_id` int DEFAULT NULL,
  `servicio` enum('Alojamiento','Cuidado a domicilio','Visitas a domicilio','Paseos','Guardería de día','Taxi') CHARACTER SET utf8mb4 COLLATE utf8mb4_general_ci DEFAULT NULL,
  `precio` decimal(10,2) DEFAULT NULL,
  PRIMARY KEY (`id`),
  KEY `cuidador_id` (`cuidador_id`),
  CONSTRAINT `patitas_cuidador_servicios_ibfk_1` FOREIGN KEY (`cuidador_id`) REFERENCES `patitas_cuidadores` (`id`) ON DELETE CASCADE
) ENGINE=InnoDB AUTO_INCREMENT=234 DEFAULT CHARSET=utf8mb4 COLLATE=utf8mb4_general_ci;
/*!40101 SET character_set_client = @saved_cs_client */;

--
-- Dumping data for table `patitas_cuidador_servicios`
--

/*!40000 ALTER TABLE `patitas_cuidador_servicios` DISABLE KEYS */;
INSERT INTO `patitas_cuidador_servicios` VALUES (1,1,'Alojamiento',24.00),(2,1,'Taxi',0.55),(3,1,'Visitas a domicilio',12.00),(4,1,'Guardería de día',18.00),(5,2,'Cuidado a domicilio',39.00),(6,2,'Alojamiento',38.00),(7,3,'Alojamiento',36.00),(8,3,'Visitas a domicilio',26.00),(9,3,'Cuidado a domicilio',39.00),(10,3,'Taxi',1.15),(11,4,'Alojamiento',38.00),(12,4,'Taxi',1.32),(13,5,'Alojamiento',38.00),(14,5,'Visitas a domicilio',26.00),(15,6,'Taxi',1.11),(16,6,'Alojamiento',36.00),(17,7,'Guardería de día',32.00),(18,7,'Visitas a domicilio',25.00),(19,7,'Alojamiento',36.00),(20,8,'Alojamiento',36.00),(21,8,'Visitas a domicilio',25.00),(22,8,'Guardería de día',31.00),(23,8,'Paseos',20.00),(24,8,'Taxi',1.19),(25,9,'Alojamiento',37.00),(26,9,'Taxi',1.27),(27,9,'Paseos',22.00),(28,1,'Visitas a domicilio',10.00),(29,10,'Taxi',0.45),(30,11,'Visitas a domicilio',10.00),(31,11,'Alojamiento',22.00),(32,11,'Paseos',7.00),(33,11,'Taxi',0.54),(34,12,'Visitas a domicilio',10.00),(35,12,'Taxi',0.53),(36,12,'Cuidado a domicilio',25.00),(37,12,'Alojamiento',22.00),(38,13,'Alojamiento',24.00),(39,13,'Taxi',0.48),(40,13,'Cuidado a domicilio',26.00),(41,13,'Paseos',8.00),(42,14,'Cuidado a domicilio',36.00),(43,14,'Alojamiento',34.00),(44,15,'Visitas a domicilio',21.00),(45,15,'Cuidado a domicilio',34.00),(46,15,'Paseos',19.00),(47,15,'Taxi',1.14),(48,16,'Visitas a domicilio',20.00),(49,16,'Taxi',1.13),(50,17,'Alojamiento',32.00),(51,17,'Visitas a domicilio',20.00),(52,17,'Taxi',1.14),(53,17,'Cuidado a domicilio',35.00),(54,18,'Paseos',20.00),(55,18,'Taxi',1.08),(56,19,'Cuidado a domicilio',35.00),(57,19,'Visitas a domicilio',23.00),(58,19,'Taxi',1.14),(59,20,'Cuidado a domicilio',36.00),(60,20,'Alojamiento',35.00),(61,21,'Paseos',18.00),(62,21,'Visitas a domicilio',22.00),(63,21,'Alojamiento',35.00),(64,22,'Visitas a domicilio',11.00),(65,22,'Alojamiento',22.00),(66,23,'Paseos',8.00),(67,23,'Taxi',0.50),(68,23,'Guardería de día',16.00),(69,23,'Alojamiento',23.00),(70,24,'Taxi',0.60),(71,24,'Visitas a domicilio',9.00),(72,24,'Cuidado a domicilio',23.00),(73,24,'Alojamiento',22.00),(74,25,'Cuidado a domicilio',23.00),(75,25,'Visitas a domicilio',9.00),(76,26,'Cuidado a domicilio',30.00),(77,26,'Visitas a domicilio',17.00),(78,26,'Alojamiento',29.00),(79,26,'Taxi',0.89),(80,26,'Guardería de día',24.00),(81,27,'Taxi',0.86),(82,27,'Visitas a domicilio',18.00),(83,27,'Cuidado a domicilio',32.00),(84,27,'Guardería de día',25.00),(85,27,'Alojamiento',30.00),(86,27,'Paseos',15.00),(87,28,'Alojamiento',28.00),(88,28,'Cuidado a domicilio',30.00),(89,28,'Visitas a domicilio',16.00),(90,28,'Taxi',0.90),(91,28,'Paseos',13.00),(92,29,'Paseos',15.00),(93,29,'Alojamiento',29.00),(94,30,'Visitas a domicilio',23.00),(95,30,'Taxi',1.21),(96,30,'Alojamiento',35.00),(97,30,'Cuidado a domicilio',38.00),(98,31,'Visitas a domicilio',24.00),(99,31,'Guardería de día',31.00),(100,31,'Cuidado a domicilio',36.00),(101,31,'Alojamiento',35.00),(102,32,'Visitas a domicilio',22.00),(103,32,'Paseos',19.00),(104,32,'Alojamiento',36.00),(105,32,'Guardería de día',30.00),(106,33,'Visitas a domicilio',24.00),(107,33,'Cuidado a domicilio',37.00),(108,33,'Alojamiento',34.00),(109,34,'Guardería de día',15.00),(110,34,'Alojamiento',22.00),(111,35,'Taxi',0.37),(112,35,'Paseos',7.00),(113,36,'Guardería de día',16.00),(114,36,'Cuidado a domicilio',23.00),(115,36,'Taxi',0.54),(116,36,'Visitas a domicilio',9.00),(117,37,'Visitas a domicilio',9.00),(118,37,'Guardería de día',17.00),(119,38,'Taxi',0.84),(120,38,'Alojamiento',28.00),(121,38,'Visitas a domicilio',17.00),(122,38,'Cuidado a domicilio',29.00),(123,39,'Visitas a domicilio',15.00),(124,39,'Cuidado a domicilio',31.00),(125,39,'Taxi',0.81),(126,40,'Cuidado a domicilio',30.00),(127,40,'Taxi',0.74),(128,41,'Visitas a domicilio',15.00),(129,41,'Alojamiento',27.00),(130,42,'Guardería de día',21.00),(131,42,'Cuidado a domicilio',28.00),(132,42,'Taxi',0.69),(133,42,'Alojamiento',27.00),(134,43,'Taxi',0.67),(135,43,'Alojamiento',27.00),(136,44,'Alojamiento',25.00),(137,44,'Taxi',0.71),(138,45,'Alojamiento',27.00),(139,45,'Guardería de día',20.00),(140,45,'Cuidado a domicilio',27.00),(141,46,'Taxi',0.56),(142,46,'Paseos',9.00),(143,46,'Cuidado a domicilio',28.00),(144,47,'Cuidado a domicilio',27.00),(145,47,'Visitas a domicilio',12.00),(146,47,'Taxi',0.65),(147,47,'Alojamiento',24.00),(148,48,'Paseos',9.00),(149,48,'Cuidado a domicilio',28.00),(150,48,'Alojamiento',25.00),(151,49,'Taxi',0.68),(152,49,'Paseos',10.00),(153,50,'Paseos',15.00),(154,50,'Taxi',0.97),(155,50,'Guardería de día',26.00),(156,51,'Alojamiento',31.00),(157,51,'Taxi',0.89),(158,51,'Guardería de día',26.00),(159,51,'Cuidado a domicilio',32.00),(160,51,'Visitas a domicilio',18.00),(161,52,'Taxi',0.84),(162,52,'Alojamiento',31.00),(163,53,'Cuidado a domicilio',31.00),(164,53,'Alojamiento',31.00),(165,53,'Visitas a domicilio',19.00),(166,53,'Paseos',15.00),(167,54,'Cuidado a domicilio',27.00),(168,54,'Alojamiento',24.00),(169,54,'Taxi',0.67),(170,54,'Guardería de día',18.00),(171,54,'Paseos',9.00),(172,55,'Paseos',9.00),(173,55,'Cuidado a domicilio',27.00),(174,55,'Taxi',0.50),(175,56,'Visitas a domicilio',11.00),(176,56,'Cuidado a domicilio',25.00),(177,56,'Paseos',9.00),(178,56,'Taxi',0.51),(179,57,'Cuidado a domicilio',26.00),(180,57,'Alojamiento',23.00),(181,57,'Visitas a domicilio',12.00),(182,58,'Guardería de día',26.00),(183,58,'Alojamiento',31.00),(184,58,'Visitas a domicilio',19.00),(185,58,'Taxi',1.00),(186,59,'Cuidado a domicilio',33.00),(187,59,'Alojamiento',32.00),(188,59,'Guardería de día',25.00),(189,59,'Visitas a domicilio',20.00),(190,59,'Paseos',17.00),(191,60,'Cuidado a domicilio',34.00),(192,60,'Visitas a domicilio',18.00),(193,60,'Alojamiento',30.00),(194,60,'Paseos',17.00),(195,60,'Taxi',1.00),(196,61,'Cuidado a domicilio',32.00),(197,61,'Visitas a domicilio',18.00),(198,61,'Guardería de día',26.00),(199,61,'Taxi',0.91),(200,62,'Visitas a domicilio',16.00),(201,62,'Cuidado a domicilio',29.00),(202,62,'Paseos',12.00),(203,63,'Alojamiento',28.00),(204,63,'Taxi',0.73),(205,63,'Visitas a domicilio',15.00),(206,63,'Cuidado a domicilio',30.00),(207,63,'Paseos',13.00),(208,64,'Visitas a domicilio',15.00),(209,64,'Cuidado a domicilio',30.00),(210,64,'Alojamiento',27.00),(211,65,'Visitas a domicilio',14.00),(212,65,'Taxi',0.68),(213,65,'Alojamiento',28.00),(214,65,'Cuidado a domicilio',28.00),(215,65,'Paseos',13.00),(216,65,'Guardería de día',22.00),(217,66,'Alojamiento',31.00),(218,66,'Cuidado a domicilio',33.00),(219,66,'Visitas a domicilio',20.00),(220,66,'Taxi',0.92),(221,67,'Guardería de día',27.00),(222,67,'Cuidado a domicilio',35.00),(223,67,'Visitas a domicilio',20.00),(224,67,'Taxi',1.09),(225,68,'Taxi',0.99),(226,68,'Cuidado a domicilio',35.00),(227,68,'Alojamiento',31.00),(228,68,'Visitas a domicilio',21.00),(229,68,'Guardería de día',27.00),(230,69,'Taxi',1.08),(231,69,'Visitas a domicilio',19.00),(232,69,'Cuidado a domicilio',34.00),(233,69,'Alojamiento',32.00);
/*!40000 ALTER TABLE `patitas_cuidador_servicios` ENABLE KEYS */;

--
-- Table structure for table `patitas_cuidadores`
--

DROP TABLE IF EXISTS `patitas_cuidadores`;
/*!40101 SET @saved_cs_client     = @@character_set_client */;
/*!50503 SET character_set_client = utf8mb4 */;
CREATE TABLE `patitas_cuidadores` (
  `id` int NOT NULL AUTO_INCREMENT,
  `nombre` varchar(100) COLLATE utf8mb4_general_ci DEFAULT NULL,
  `email` varchar(100) COLLATE utf8mb4_general_ci DEFAULT NULL,
  `contrasena` varchar(255) COLLATE utf8mb4_general_ci DEFAULT NULL,
  `telefono` varchar(20) COLLATE utf8mb4_general_ci DEFAULT NULL,
  `direccion` varchar(255) COLLATE utf8mb4_general_ci DEFAULT NULL,
  `ciudad` varchar(100) COLLATE utf8mb4_general_ci DEFAULT NULL,
  `pais` varchar(100) COLLATE utf8mb4_general_ci DEFAULT NULL,
  `descripcion` text COLLATE utf8mb4_general_ci,
  `max_mascotas_dia` int DEFAULT NULL,
  `fecha_registro` timestamp NULL DEFAULT CURRENT_TIMESTAMP,
  PRIMARY KEY (`id`),
  UNIQUE KEY `email` (`email`)
) ENGINE=InnoDB AUTO_INCREMENT=70 DEFAULT CHARSET=utf8mb4 COLLATE=utf8mb4_general_ci;
/*!40101 SET character_set_client = @saved_cs_client */;

--
-- Dumping data for table `patitas_cuidadores`
--

/*!40000 ALTER TABLE `patitas_cuidadores` DISABLE KEYS */;
INSERT INTO `patitas_cuidadores` VALUES (1,'Daniel Alonso Palacios','danielalonsopalacios@gmail.com','$2y$10$MkpGkpWVlLLIyATzi1I3Wu5a1SjuSvKklqgjZ8QdN3yjCgG13PiGO','686123456','Calle Piqueras 31','Logroño','España','Amante de los animales, dueño de tres perritas encantadoras',2,'2025-04-23 16:41:57'),(2,'Lucía Herrera','lucia.herrera1@madrid.org','$2y$10$xJZqB3vV0qFaVnsgFnsm0O8hD0WdRcDbKJ3u.wCIi/ruMiUusE1wK','600300100','Calle Alcalá 100','Madrid','España','Veterinaria en formación con trato afectivo.',4,'2025-04-23 17:28:18'),(3,'Manuel Torres','manuel.torres2@madrid.org','$2y$10$NM8/S5z1eAAbtdlGpL9mCeSWUfE9qmYemdfjk3KwC.4tmwcvNRLSq','600300101','Gran Vía 32','Madrid','España','Tengo experiencia con animales nerviosos y agresivos.',3,'2025-04-23 17:28:18'),(4,'Raquel García','raquel.garcia3@madrid.org','$2y$10$0yNaVfY4jgJP59fFQCyhP.KU40.Eige6hMTYvBC04qca5ota0GrLm','600300102','Paseo del Prado 14','Madrid','España','Cuidado diurno y paseos por el Retiro.',2,'2025-04-23 17:28:18'),(5,'Álvaro Núñez','alvaro.nunez4@madrid.org','$2y$10$rE8Ooh3BjP1qrMXANlw14OTU8y8SatnhAeppYjBQ/TXzoC9tKdekG','600300103','Calle Atocha 85','Madrid','España','Ofrezco servicios de cuidado en domicilio del dueño.',3,'2025-04-23 17:28:18'),(6,'Marta Roca','marta.roca1@catalunya.cat','$2y$10$2JFMmQs/5OG8aEhFICSsYe1XttGVr0dwGv3OSRvxUQ3qGB34eUyXG','600200100','Carrer Aragó 125','Barcelona','España','Ofrezco cuidado diurno con actividades recreativas.',3,'2025-04-23 17:28:20'),(7,'Joan Ferrer','joan.ferrer2@catalunya.cat','$2y$10$tR/YBLrAdNdP8bVyNjekX.UkaA/kRH5WVln0dBKL20VYdzFAra5/O','600200101','Passeig de Gràcia 50','Barcelona','España','Tengo jardín privado y experiencia con gatos.',2,'2025-04-23 17:28:20'),(8,'Clara Vidal','clara.vidal3@catalunya.cat','$2y$10$G3QJNpdQtLhHfTxddw4Uaebdv2T0Wgt4sPNRtD7PYGAiGwHMS2dnW','600200102','Carrer de Sants 90','Barcelona','España','Mi casa es perfecta para animales pequeños.',4,'2025-04-23 17:28:20'),(9,'Pau Soler','pau.soler4@catalunya.cat','$2y$10$tZMHa2BIJLXwctcuxQEWzOaI8OQ3mWUdzssU44Cd6i4aUWl3kcdge','600200103','Av. Diagonal 200','Barcelona','España','Ofrezco cuidado nocturno con alimentación especializada.',3,'2025-04-23 17:28:20'),(10,'Laura Pérez','laura.perez1@galicia.gal','$2y$10$w48QX5fZyuH1hf6lRGjpyOJ9u0OploPMvihlsbNPuae9/pF6zJsES','600400100','Rúa do Franco 12','Santiago de Compostela','España','Soy estudiante de biología con experiencia cuidando perros.',3,'2025-04-23 17:28:22'),(11,'Pedro Blanco','pedro.blanco2@galicia.gal','$2y$10$xNaixgRW7cblSZuBeyRo/OeBXRuW004ieur4elrEO7.eZy/EoGcrK','600400101','Rúa da Senra 45','Santiago de Compostela','España','Tengo licencia para cuidar animales exóticos.',2,'2025-04-23 17:28:22'),(12,'Isabel Lago','isabel.lago3@galicia.gal','$2y$10$P9qB6ZhUtSdB5/t8hU2E4O0s1pSi2dha5m4Yjd0ut2cglBJrB69YK','600400102','Av. de Lugo 70','Santiago de Compostela','España','He trabajado en clínicas veterinarias.',4,'2025-04-23 17:28:22'),(13,'Marcos Castro','marcos.castro4@galicia.gal','$2y$10$C8LAJPjOJHCusJ1Cc7uK/ea7kvy.FdjpXbUt2/Ipb8XVKuo3/fkhe','600400103','Praza do Obradoiro 1','Santiago de Compostela','España','Cuido perros de tamaño mediano-grande.',3,'2025-04-23 17:28:22'),(14,'Ana Morales','ana.morales1@andalucia.com','$2y$10$LtePcGQ.hYbXDVeuT6glaO7T.OeRs.hFHX9f.h3o4I377yEEuLM3.','600100100','Calle Larios 14','Málaga','España','Cuidadora profesional con experiencia en razas grandes.',3,'2025-04-23 17:28:25'),(15,'Carlos Ruiz','carlos.ruiz2@andalucia.com','$2y$10$qSsYbeXwyTkwVF38NCOnm.JfMBtXvUt3S7WoJzu8S4nL12PuNtvxy','600100101','Paseo del Parque 20','Málaga','España','Voluntario en refugio animal desde 2018.',4,'2025-04-23 17:28:25'),(16,'Sofía Gómez','sofia.gomez3@andalucia.com','$2y$10$f/fzAjmPCGei7SfIYcKdJ.AZtZOAGtqvq8J3m7S7h/rJNyOcxwV0q','600100102','Av. de Andalucía 5','Málaga','España','Estudiante de veterinaria apasionada por los animales.',2,'2025-04-23 17:28:25'),(17,'Javier López','javier.lopez4@andalucia.com','$2y$10$R1KaLxrkC4qRKlHiqF6wgu2zjWIWO2Btzto9McSgY4oaFYnfIkBQS','600100103','Calle Victoria 30','Málaga','España','Tengo experiencia en cuidado de mascotas mayores.',3,'2025-04-23 17:28:25'),(18,'Sara Gil','sara.gil1@aragon.es','$2y$10$TixOmVrDQWNEYhqirtpPb.dCDOAkt2.HHnuRu0vb4/KVVp/lxaFa6','601110001','Calle Alfonso I 23','Zaragoza','España','Gran experiencia con animales pequeños y medianos.',3,'2025-04-23 17:28:29'),(19,'Luis Molina','luis.molina2@aragon.es','$2y$10$Q1zqQtfx2quWQFeSbfwCSOlCIqitatnE1uxsvSZoOACMaRoSSKZQC','601110002','Paseo Independencia 75','Zaragoza','España','Soy adiestrador canino con más de 5 años de experiencia.',4,'2025-04-23 17:28:29'),(20,'Carmen Navarro','carmen.navarro3@aragon.es','$2y$10$RfUJN4GDVpxS8q2A8Zo4UO.CCDIBJUq8nL1vgkCqvIxMcRErccY9G','601110003','Av. Goya 12','Zaragoza','España','Puedo administrar medicamentos a mascotas con necesidades especiales.',2,'2025-04-23 17:28:29'),(21,'Mario Sanz','mario.sanz4@aragon.es','$2y$10$O6fBabasgaeZ8zMomcwYo.FRjwIjdf2fTT2BYCcxX/5kIjufXyl5C','601110004','Calle del Coso 103','Zaragoza','España','Ofrezco cuidados en fines de semana y festivos.',3,'2025-04-23 17:28:29'),(22,'Elena Ruiz','elena.ruiz1@castillalamancha.es','$2y$10$CBOTHFl3y7C6VL2ZFidywe2PCvNrjoSaqR/58SOene.6TrrpDEPy6','601120001','Calle Comercio 14','Toledo','España','Cuidadora muy responsable y amante de los gatos.',3,'2025-04-23 17:28:32'),(23,'Ángel Moreno','angel.moreno2@castillalamancha.es','$2y$10$CBOTHFl3y7C6VL2ZFidywe2PCvNrjoSaqR/58SOene.6TrrpDEPy6','601120002','Calle Real del Arrabal 34','Toledo','España','Me adapto a todo tipo de razas. También ofrezco paseos largos.',4,'2025-04-23 17:28:32'),(24,'Patricia Díaz','patricia.diaz3@castillalamancha.es','$2y$10$a/.XHNLAqCESEiGe2G1vx.D95.LqHW3L2bjch7P86hNl8d6lyCika','601120003','Paseo de la Rosa 67','Toledo','España','Tengo experiencia cuidando animales exóticos.',2,'2025-04-23 17:28:32'),(25,'Rubén Ortega','ruben.ortega4@castillalamancha.es','$2y$10$X2Mc31dZUouk4q364J3Z6OV6xnGcpZYHj1QF0WXn0Zv/j4kH3k9Hy','601120004','Av. de Europa 22','Toledo','España','Tengo jardín privado y espacios cerrados para juegos.',3,'2025-04-23 17:28:32'),(26,'Cristina Ramos','cristina.ramos1@castillayleon.es','$2y$10$X2Mc31dZUouk4q364J3Z6OV6xnGcpZYHj1QF0WXn0Zv/j4kH3k9Ht','601130001','Calle Santiago 31','Valladolid','España','Cuidado individualizado para perros senior.',3,'2025-04-23 17:28:34'),(27,'David Pardo','david.pardo2@castillayleon.es','$2y$10$X2Mc31dZUouk4q364J3Z6OV6xnGcpZYHj1QF0WXn0Zv/j4kH3k7Ht','601130002','Paseo de Zorrilla 50','Valladolid','España','Adiestrador con experiencia en comportamiento animal.',4,'2025-04-23 17:28:34'),(28,'Alicia Montero','alicia.montero3@castillayleon.es','$2y$10$X2Mc31dZUouk4q364J3Z6OV6xnGcpZYHj1QF0WXn0Zv/j4lH3k7Ht','601130003','Plaza Mayor 8','Valladolid','España','Ofrezco recogida a domicilio dentro de la ciudad.',2,'2025-04-23 17:28:34'),(29,'Héctor Vidal','hector.vidal4@castillayleon.es','$2y$10$X2Mc31dZUouk4q364J3Z6OV6xnGcpZYHj1QF0WXn0Pv/j4lH3k7Ht','601130004','Calle Labradores 12','Valladolid','España','Tengo amplia experiencia en refugios y casas de acogida.',3,'2025-04-23 17:28:34'),(30,'Sandra Llopis','sandra.llopis1@gva.es','$2y$10$X2Mc31dZUouk4q364J3Z6OV6xnGcpZYHj1QF0WXn1Pv/j4lH3k7Ht','601140001','Av. del Puerto 45','Valencia','España','Paseos diarios, juegos y alimentación adaptada.',3,'2025-04-23 17:28:37'),(31,'José Navarro','jose.navarro2@gva.es','$2y$10$X2Mc31dZUouk4q364J3Z6OV6xnGcpZYHj1QF2WXn1Pv/j4lH3k7Ht','601140002','Calle Colón 18','Valencia','España','Dispongo de casa con terraza y patio.',4,'2025-04-23 17:28:37'),(32,'Beatriz Flores','beatriz.flores3@gva.es','$2y$10$X2Mc31dZUouk4q364J3Z6OV6xnGcpTYHj1QF2WXn1Pv/j4lH3k7Ht','601140003','Calle Ruzafa 99','Valencia','España','Ofrezco cuidado personalizado en festivos y fines de semana.',2,'2025-04-23 17:28:37'),(33,'Toni Alarcón','toni.alarcon4@gva.es','$2y$10$X2Mc31dZUouk4q364J3Z6OV6xnGcpTYHj1QF3WXn1Pv/j4lH3k7Ht','601140004','Av. Aragón 35','Valencia','España','Experiencia cuidando perros grandes y con ansiedad.',3,'2025-04-23 17:28:37'),(34,'Pilar Hernández','pilar.hernandez1@extremadura.es','$2y$10$X2Mc31dZUouk4q364J3Z6OV6xnGcpTYHj1QT3WXn1Pv/j4lH3k7Ht','601150001','Calle Sta. Eulalia 11','Mérida','España','Con experiencia en animales con tratamiento veterinario.',3,'2025-04-23 17:28:41'),(35,'Antonio Serrano','antonio.serrano2@extremadura.es','$2y$10$X2Mc31dZUouk4q364J3Z6OV6xnGcpTYHj1QT3WXn1Pv/j4lH3p7Ht','601150002','Av. de Lusitania 27','Mérida','España','Ofrezco servicio de guardería diurna y nocturna.',4,'2025-04-23 17:28:41'),(36,'Lucía Cordero','lucia.cordero3@extremadura.es','$2y$10$X2Mc31dZUouk4q364J3Z6OV6xnGcpTYHj1ST3WXn1Pv/j4lH3p7Ht','601150003','Plaza de España 9','Mérida','España','Especialista en gatos y mascotas nerviosas.',2,'2025-04-23 17:28:41'),(37,'Joaquín Bravo','joaquin.bravo4@extremadura.es','$2y$10$X2Mc31dZUouk4q364J3Z6OV6xnGcpTYHj1ST3WXn5Pv/j4lH3p7Ht','601150004','Calle Trajano 15','Mérida','España','Paseos diarios y tiempo de juego garantizado.',3,'2025-04-23 17:28:41'),(38,'Natalia Suárez','natalia.suarez1@asturias.es','$2y$10$X2Mc31dZUouk4q364J3Z6OV6xnGcpTYHj1ST3WXn5Pv/j6lH3p7Ht','601160001','Calle Uría 19','Oviedo','España','Técnica en asistencia veterinaria.',3,'2025-04-23 17:28:43'),(39,'Iván García','ivan.garcia2@asturias.es','$2y$10$X2Mc31dZUouk4q364J3Z6OV6xnGcpTYHj1ST3WXn5Pv/j6lH5p7Ht','601160002','Calle Fruela 8','Oviedo','España','Experiencia en cuidados postoperatorios.',4,'2025-04-23 17:28:43'),(40,'Marina Pérez','marina.perez3@asturias.es','$2y$10$X2Mc31dZUouk4q364J3Z6OV6xnVcpTYHj1ST3WXn5Pv/j6lH5p7Ht','601160003','Plaza del Fontán 3','Oviedo','España','Ofrezco alojamiento y cuidado nocturno.',2,'2025-04-23 17:28:43'),(41,'Alberto Menéndez','alberto.menendez4@asturias.es','$2y$10$X2Mc31dZUouk4q364J3Z6OV6xnVcpTYHj5ST3WXn5Pv/j6lH5p7Ht','601160004','Calle Jovellanos 22','Oviedo','España','Ideal para mascotas tranquilas y de interior.',3,'2025-04-23 17:28:43'),(42,'Nerea Etxebarria','nerea.etxebarria1@navarra.es','$2y$10$X2Mc31dZUouk4q364J3Z6OV6xnVcpTYHj5ST3WXn5Pv/j7lH5p7Ht','601170001','Av. de Carlos III 11','Pamplona','España','Cuidaré a tu mascota como si fuera mía.',3,'2025-04-23 17:28:46'),(43,'Mikel Iriarte','mikel.iriarte2@navarra.es','$2y$10$X2Mc31dZUouk4q364J3Z6OV6xnVcpTYHj5ST3WXn6Pv/j7lH5p7Ht','601170002','Paseo Sarasate 4','Pamplona','España','Amplia experiencia en cuidados especiales.',4,'2025-04-23 17:28:46'),(44,'Laia Aguirre','laia.aguirre3@navarra.es','$2y$10$X2Mc31dZUouk4q364J3Z6OV6xnVcpTYHj5ST3WXn6Pv/j7lH8p7Ht','601170003','Calle Estafeta 98','Pamplona','España','Me adapto a las rutinas de cada animal.',2,'2025-04-23 17:28:46'),(45,'Aitor Beloki','aitor.beloki4@navarra.es','$2y$10$X2Mc31dZUouk4q364J3Z6OV6xnVcpGYHj5ST3WnZ6Pv/j7lH8p7Ht','601170004','Calle Mayor 33','Pamplona','España','Especialista en perros grandes.',3,'2025-04-23 17:28:46'),(46,'Julia Rivas','julia.rivas1@cantabria.es','$2y$10$X2Mc31dZUouk4q364J3Z6OV6xnVcpGYHj5ST3WnZ6Pv/j7lH1p7Ht','601190001','Paseo Pereda 17','Santander','España','Me encantan los animales y tengo flexibilidad horaria.',3,'2025-04-23 17:28:48'),(47,'Hugo Peña','hugo.pena2@cantabria.es','$2y$10$X2Mc31dZUouk4q364J3Z6OV6xnVcpGYHj5ST3WnZ6Pv/j7lH1p9Ht','601190002','Calle Vargas 66','Santander','España','Tengo patio y áreas al aire libre.',4,'2025-04-23 17:28:48'),(48,'Andrea Salas','andrea.salas3@cantabria.es','$2y$10$X2Mc31dZUouk4q364J3Z6OV6xnVcpGYHj5ST3WnZ6Pv/j7lH1p9Kt','601190003','Calle Alta 40','Santander','España','Experiencia en guardería de mascotas.',2,'2025-04-23 17:28:48'),(49,'Iván Castaño','ivan.castano4@cantabria.es','$2y$10$X2Mc31dZUouk4q364J3Z6OV6xnVcpGYHj5ST3XnZ6Pv/j7lH1p9Kt','601190004','Calle San Fernando 100','Santander','España','Atiendo urgencias y noches.',3,'2025-04-23 17:28:48'),(50,'Ane Elorza','ane.elorza1@euskadi.eus','$2y$10$X2Mc31xZUouk4q364J3Z6OV6xnVcpGYHj5ST3XnZ6Pv/j7lH1p9Kt','601180001','Gran Vía 40','Bilbao','España','Con licencia para cuidado de mascotas con medicación.',3,'2025-04-23 17:28:52'),(51,'Unai Martínez','unai.martinez2@euskadi.eus','$2y$10$X2Mc31zZUouk4q364J3Z6OV6xnVcpGYHj5ST3XnZ6Pv/j7lH1p9Kt','601180002','Calle Licenciado Poza 21','Bilbao','España','Cuidador con certificación veterinaria.',4,'2025-04-23 17:28:52'),(52,'Irati Zabaleta','irati.zabaleta3@euskadi.eus','$2y$10$X2Mc31zZHouk4q364J3Z6OV6xnVcpGYHj5ST3XnZ6Pv/j7lH1p9Kt','601180003','Plaza Moyúa 8','Bilbao','España','Paseos largos y atención personalizada.',2,'2025-04-23 17:28:52'),(53,'Iker Aranburu','iker.aranburu4@euskadi.eus','$2y$10$X2Mc31zZHouk4q364J3Z6OV6xnVcpGYHj5ST3XnZ6Pv/j7lH1p9Kt','601180004','Calle Ercilla 9','Bilbao','España','Tengo zonas habilitadas en casa para juegos seguros.',3,'2025-04-23 17:28:52'),(54,'Celia Marín','celia.marin1@larioja.org','$2y$10$X2Mc31zZYouk4q364J3Z6OV6xnVcpGYHj5ST3XnZ6Pv/j7lH1p9Kt','601200001','Calle Portales 25','Logroño','España','Gran amante de los animales con atención muy cercana.',3,'2025-04-23 17:28:55'),(55,'Daniel Bravo','daniel.bravo2@larioja.org','$2y$10$X2Mc31zZYouk4q354J3Z6OV6xnVcpGYHj5ST3XnZ6Pv/j7lH1p9Kt','601200002','Av. de Colón 55','Logroño','España','Tengo disponibilidad completa para cuidado 24h.',4,'2025-04-23 17:28:55'),(56,'Rosa Fuentes','rosa.fuentes3@larioja.org','$2y$10$X2Mc31zZYouk4q352J3Z6OV6xnVcpGYHj5ST3XnZ6Pv/j7lH1p9Kt','601200003','Calle Chile 14','Logroño','España','Ofrezco recogida a domicilio.',2,'2025-04-23 17:28:55'),(57,'Gonzalo Sáez','gonzalo.saez4@larioja.org','$2y$10$X2Mc31zZYouk4q352J3Z6OV6xnVcpGYHj5ST3XnZ6Pv/j7lH1p7Kt','601200004','Plaza del Mercado 10','Logroño','España','Cuidado profesional en ambiente familiar.',3,'2025-04-23 17:28:55'),(58,'Marta Vidal','marta.vidal1@baleares.es','$2y$10$X2Mc31zZYouk4q352J3Z6OV6xnVcpGYHj5ST1XnZ6Pv/j7lH1p7Kt','601210001','Calle Olmos 33','Palma','España','Cuidado de mascotas en casa y paseos cerca del mar.',3,'2025-04-23 17:28:57'),(59,'Toni Riera','toni.riera2@baleares.es','$2y$10$X3Mc31zZYouk4q352J3Z6OV6xnVcpGYHj5ST1XnZ6Pv/j7lH1p7Kt','601210002','Av. Jaime III 90','Palma','España','Amplio patio para juegos y experiencia con gatos.',4,'2025-04-23 17:28:57'),(60,'Núria Ferrer','nuria.ferrer3@baleares.es','$2y$10$X3Mc31rZYouk4q352J3Z6OV6xnVcpGYHj5ST1XnZ6Pv/j7lH1p7Kt','601210003','Calle Sindicato 12','Palma','España','Me adapto a horarios nocturnos y fines de semana.',2,'2025-04-23 17:28:57'),(61,'Pere Font','pere.font4@baleares.es','$2y$10$X3Mc31rZYouk2q352J3Z6OV6xnVcpGYHj5ST1XnZ6Pv/j7lH1p7Kt','601210004','Paseo del Borne 3','Palma','España','Veterinario jubilado con pasión por el cuidado animal.',3,'2025-04-23 17:28:57'),(62,'Lidia Hernández','lidia.hernandez1@canarias.es','$2y$10$X3Mc31rZYouk2q152J3Z6OV6xnVcpGYHj5ST1XnZ6Pv/j7lH1p7Kt','601220001','Calle Castillo 77','Santa Cruz de Tenerife','España','Ofrezco cuidados especiales para animales mayores.',3,'2025-04-23 17:28:59'),(63,'Álvaro Ramos','alvaro.ramos2@canarias.es','$2y$10$X3Mc31rZYouk2q152J3Z6OV6xnVcpGYHj5ST1RnZ6Pv/j7lH1p7Kt','601220002','Av. de Anaga 60','Santa Cruz de Tenerife','España','Cuidado y paseos en entorno costero tranquilo.',4,'2025-04-23 17:28:59'),(64,'Nayra León','nayra.leon3@canarias.es','$2y$10$X3Mc31rZYouk2q152J3Z6OV6xnVcpGYHj5ST1RnZ6yv/j7lH1p7Kt','601220003','Calle Méndez Núñez 5','Santa Cruz de Tenerife','España','Soy voluntaria en protectora animal.',2,'2025-04-23 17:28:59'),(65,'Cristian Suárez','cristian.suarez4@canarias.es','$2y$10$X3Mc31rZYouk2q152J3Z6OV6xnVcpGYHj5ST1RnZ6yv/g7lH1p7Kt','601220004','Calle del Pilar 10','Santa Cruz de Tenerife','España','Disponibilidad completa. Recogida y entrega.',3,'2025-04-23 17:28:59'),(66,'Beatriz Navarro','beatriz.navarro1@murcia.es','$2y$10$X3Mc31rZYouk2q152J3Z6OV6xnVcpGYHj5ST1RnZ6ym/g7lH1p7Kt','601230001','Calle Trapería 44','Murcia','España','Entorno familiar y experiencia con animales pequeños.',3,'2025-04-23 17:29:02'),(67,'Manuel Cano','manuel.cano2@murcia.es','$2y$10$X3Mc31rZYouk2q152J3Z6OV6xnVcpGYHj5ST1RnZ2ym/g7lH1p7Kt','601230002','Gran Vía Escultor Salzillo 25','Murcia','España','Cuidado con atención médica si es necesario.',4,'2025-04-23 17:29:02'),(68,'Inés Molina','ines.molina3@murcia.es','$2y$10$X3Mc31rZYouk2q152J3Z6OV6xnVcpGYHj5ST5RnZ2ym/g7lH1p7Kt','601230003','Plaza de Santo Domingo 1','Murcia','España','Cuidado individual en mi casa o en la tuya.',2,'2025-04-23 17:29:02'),(69,'Diego Sáez','diego.saez4@murcia.es','$2y$10$X3Mc31rZYouk2q152J3Z6OV6xnVcpGYHj5ST5RnZ3ym/g7lH1p7Kt','601230004','Calle Jabonerías 17','Murcia','España','Ofrezco paseos grupales y actividad física diaria.',3,'2025-04-23 17:29:02');
/*!40000 ALTER TABLE `patitas_cuidadores` ENABLE KEYS */;

--
-- Table structure for table `patitas_duenos`
--

DROP TABLE IF EXISTS `patitas_duenos`;
/*!40101 SET @saved_cs_client     = @@character_set_client */;
/*!50503 SET character_set_client = utf8mb4 */;
CREATE TABLE `patitas_duenos` (
  `id` int NOT NULL AUTO_INCREMENT,
  `nombre` varchar(100) COLLATE utf8mb4_general_ci DEFAULT NULL,
  `email` varchar(100) COLLATE utf8mb4_general_ci DEFAULT NULL,
  `contrasena` varchar(255) COLLATE utf8mb4_general_ci DEFAULT NULL,
  `telefono` varchar(20) COLLATE utf8mb4_general_ci DEFAULT NULL,
  `fecha_registro` timestamp NULL DEFAULT CURRENT_TIMESTAMP,
  PRIMARY KEY (`id`),
  UNIQUE KEY `email` (`email`)
) ENGINE=InnoDB AUTO_INCREMENT=52 DEFAULT CHARSET=utf8mb4 COLLATE=utf8mb4_general_ci;
/*!40101 SET character_set_client = @saved_cs_client */;

--
-- Dumping data for table `patitas_duenos`
--

/*!40000 ALTER TABLE `patitas_duenos` DISABLE KEYS */;
INSERT INTO `patitas_duenos` VALUES (1,'Daniel Alonso Palacios','danielalonsodaw@gmail.com','$2y$10$6.LRtCsYuRL0ppdrlfEgreMIna6nUWBlPCTd0bT7I60ePsBzaCq02',NULL,'2025-04-23 16:40:18'),(2,'Gabriela Pacheco Cepeda','etena@gmail.com','$2b$12$2J4Nf3tFRgl0Nk/6xGfVYOGih4FZ1rnm0bViVdD6p9D6k7FeBu5Hy','+34 729 146 851','2024-05-27 11:50:47'),(3,'Cecilio Yuste Mariño','pinillazacarias@hotmail.com','$2b$12$0LP5pP1pEfLTx2kD6nm6Oe8npAqD4JdRGWy5M0pNpxItxHZ8jZGPq','+34739 64 03 34','2020-11-18 03:47:26'),(4,'Ezequiel Vargas Saavedra','marciacid@gmail.com','$2b$12$shDb8FFZT8B1GL4vnPXuXe/mXjv0l2lsMsBiTy3G5mUXOP/IzE3.K','+34 981 611 128','2022-05-24 00:47:46'),(5,'Sebastian Sevilla Serrano','carriongil@arroyo.com','$2b$12$Gz3NvB3KdX8KrGGSC8J8d.7u11HEZn/cKzS04ztDZW2Y6EBqD7yRe','+34 711 778 996','2023-03-21 18:57:33'),(6,'Emelina Vidal','mblanca@aparicio.es','$2b$12$36HDf6mR9mVXZVmkqpMwFeHh9xpnOSovAAZ7CSZ1DlyDhkPuCJEBq','+34745 880 412','2024-06-25 05:43:28'),(7,'Marta Artigas Tena','lilloadelardo@cabo.com','$2b$12$ORwALlFUTiKk5RztqLg2Eu/JRDE.bOSoP28r1txddTgK7XdpK0abG','+34708 53 16 08','2023-10-15 18:12:40'),(8,'Maribel Amaya','luz19@madrigal-abad.net','$2b$12$03S1d8dNk2P4kVqqR5M78.4gNyqV6nheRhbbH1mwGgxHxfkOXJx0K','+34 725003427','2025-02-14 09:19:00'),(9,'Estrella Fábregas','florenciofalcon@yahoo.com','$2b$12$erSVvAGD8o5nQv8kz8u5Nu7dBSJfMW2CG.XrXxHrkya4kZn4rw69O','+34919 434 394','2021-08-22 09:24:12'),(10,'Reyna Ligia Fuentes Cánovas','oriquelme@yahoo.com','$2b$12$Vwb17Wx4pRbHzIP7Ax87Geuj32NNBt5s/Eb3DrdQHq0p1DhqHdQU.','+34 626 063 820','2023-10-16 03:50:26'),(11,'Saturnino Escalona Codina','hoyoscandela@cantero.es','$2b$12$uTh0A5CUWYMo6FQxS2aQveM7PU0dIhd5NKq8avjAadnFeQaWDcUQ2','+34 903142741','2021-12-23 07:35:24'),(12,'Nazario Azcona Castillo','cruz84@yahoo.com','$2b$12$e7mXyxA7Fuq4YwY/1CQ1DOpvQQaG5x3D5v2dOqON.v0f8E5V2UIWm','+34 922 621 549','2024-11-12 07:54:04'),(13,'Rosalva de Calvet','guiomarvalero@cornejo-perello.com','$2b$12$vpOxl9f7NUiVDAVruo0jR.Jj5krTPmOjhyfD5he11JKzbnvw1x/R.','+34948 609 933','2021-10-18 16:41:13'),(14,'Mar Plana Cáceres','marina96@gmail.com','$2b$12$VR5cTj9qblmkSt4xuKU3YOuCkmt/hkWduYHev7t03z2SSHz56MFai','+34 697 30 22 80','2020-05-05 12:53:52'),(15,'Luís del Méndez','qgiralt@egea.org','$2b$12$T8x53Zl70i0uByGGHAm1GOZ/O.kF8Zmwj7e0PYGf6D7Q2I8CnI1R2','+34 875 36 02 98','2023-01-12 15:26:30'),(16,'Eleuterio del Verdugo','asolano@hotmail.com','$2b$12$Rw5I1HU7eBdkrU9t.JgH..AMqFzoiEwlfHsnxgQ6b9U5r0N1/KqzS','+34 702 475 993','2022-08-02 09:57:59'),(17,'Gloria Lupe Pérez Iglesia','pancho23@sanmiguel.es','$2b$12$Yf1kTvddscQWZj50BG7e4e8pIbt4tE7Eu1Ff5MEbd5y7xj5/jX6Vm','+34 825 892 947','2020-07-18 09:42:50'),(18,'Rebeca Maribel Llobet Baena','rrobles@yahoo.com','$2b$12$8Itddzch3XcZ3UrbkXrEw.PS0k2l9kmZ0WUTXSPC9Z1D9g1rGJgsy','+34 701 696 563','2025-01-27 15:43:22'),(19,'Jaime Pascual Terrón','yacedo@tirado.es','$2b$12$eI6KX6GpFVb7PZzNDy5Z2uK7rXq3qbzAKIDPA9N2y/kQLR9KUgE4C','+34 646 304 107','2020-03-29 20:14:53'),(20,'Aureliano del Sans','solissevero@garrido.es','$2b$12$k8kPd0Iv4yI2x6h1RjBFcuN6bsXLc0cs6f6GiVL2qkLaBhgsBduTK','+34714 53 65 60','2024-03-25 00:54:02'),(21,'Valero Mateo Martínez','ninoariel@gmail.com','$2b$12$8LMXv4kJxqk/YJvZ.gddS.iGe7dW4bmfVdfYtAT72tF0fMi2B/0ya','+34 889 509 383','2023-11-15 04:40:18'),(22,'Martirio del Recio','bayonestrella@valdes.org','$2b$12$5WW4xE7FbN1vODPtzvn/RuOrk4CpaDQReWbgUbPN1hSGB4j9cxkKO','+34 713 93 11 23','2025-02-13 15:19:03'),(23,'Alex Lopez Adadia','nicodemolillo@yahoo.com','$2b$12$LU4OxGUD2P6uDCPKU3XgzO50GVQPNF0ee1bmOYcVi8rLgnOaDgD7q','+34739 74 30 43','2024-12-03 14:45:11'),(24,'Marcos Valero Salinas','marisol47@valles.com','$2b$12$ozTUSlHhrRBpjL/eBJ0CIeNdMdI9PZ3VZ2iAgXg0IXzqj5rf2tVRO','+34 729 91 08 13','2024-09-23 04:35:19'),(25,'Melania Román Cornejo','arnaizpaola@yahoo.com','$2b$12$gGzCpl6w1fflPEUzfsRg..SG1At1AXHIKjAO0CVqIkghz9FBXWAt2','+34 913 99 14 23','2020-10-19 12:23:58'),(26,'Ximena Belda Nuñez','armidaandrade@hotmail.com','$2b$12$MznAFz8pg6s9ZSwqwx3D.uGU3h2OCzqN7B3SrW7zY5gPoc15Hk0rq','+34 737 069 721','2024-06-07 16:49:27'),(27,'Pacífica Armida Orozco Puerta','dmiguel@yahoo.com','$2b$12$02qcxA.ZkS6IQu1OqjPae.GnHoR6Q69lhPdcACVLGr0MYPmd48IFW','+34 741256218','2021-09-10 02:17:49'),(28,'Carlito Arco-Bellido','abellanmelisa@yahoo.com','$2b$12$5vcR1O/9ykAzEY6p5ocNLuHxHVW22Xs7kFnwR65dmbtiMSIruyHH6','+34 709185440','2023-07-30 04:29:48'),(29,'Eusebia de Romeu','geraldocorbacho@hotmail.com','$2b$12$kGzMgDhDsh1bRoNdWpyiBuPVde.yHGV2jXbnC7GrL8Ql3R2fnl.Xu','+34 724948132','2021-10-07 16:42:11'),(30,'Candelaria Dueñas Martinez','deboraferrando@herrera.net','$2b$12$F9DrcnXM4rBD6aX4zi.zwOx6nmS1bDJSByzOvTydXTSfMPNqz3WZe','+34902206736','2022-02-20 08:32:08'),(31,'Aureliano Calleja Pont','carneroeufemia@soria-aranda.org','$2b$12$M20kM46dlT5VzQnB4Sc4ueCh1TzfyGKMJrcnCDmS9kZQfDrb8ik2u','+34927 47 03 82','2021-08-28 01:55:07'),(32,'Ale Olmedo Bayona','pdiego@casas.com','$2b$12$59okm1AHazxz4CJK3z4Tkuk1nqfpe4yGIMyWx5olqW3MWhMcvslPq','+34717 31 66 40','2024-12-14 13:32:33'),(33,'Baldomero Donaire Pla','gmontero@hotmail.com','$2b$12$EESzvfyUTMZcX6PUOnRzceKFrCk5raC1R3ekvfrhq6sr4jMTau6eq','+34 737 759 779','2022-11-20 07:20:41'),(34,'Felipa Martorell Campos','lbaquero@gmail.com','$2b$12$wPNoGplgOU7yxuRfBe1U.OupQyzsF8L7PKIUGhNoS5A9P1XyR3bcm','+34866 422 964','2022-04-23 20:59:18'),(35,'Perlita Hervás','artigaspastor@morcillo.com','$2b$12$nhWMi6QcaZnWcCcyM8fyhO7M9AC5PaIE3utb9LaQMHkG2vFFLxJ1G','+34 972017187','2021-06-04 23:49:01'),(36,'Rosalva Iglesias','hrobledo@gallardo.es','$2b$12$e3bC2BDxKN/f7djUzUI2fOp9BGIm9QU6DDY0z8zMwjJpYjtwHWT2a','+34740 868 219','2024-06-05 08:15:31'),(37,'Susana Cañellas','soriacandelario@yahoo.com','$2b$12$PVXwPdnJ8A/cSxHg0eK15u.CphHBZ6ZMcUWLz0lbHbkrrz84gpqZ2','+34 703220024','2024-12-16 12:15:57'),(38,'Aránzazu Saura','sigfridocalvo@naranjo.com','$2b$12$Qdc9rX48xu1pTCZTC8oaAuJrMkoeY65pjWPC/07QNVrIFlqEfkt1e','+34745081595','2023-12-21 08:52:47'),(39,'Alejo Iborra Casanova','flaviacarbajo@arnaiz.es','$2b$12$VcHj/KrRW99vB5M0tzAcUOo/NSEVa9op9YAgjdl9HffTcD10zPZmS','+34 724 83 83 15','2020-12-28 19:27:25'),(40,'Gregorio Castelló Lozano','nydiavillegas@carreno.com','$2b$12$KbsKkXMPyU8OZ3JAZUgpIex3wScZL9LZ4ezxzY7ltXj3ksGoShNS6','+34801 36 84 93','2024-06-04 18:13:52'),(41,'Melania Aranda Sancho','verdejoisabela@gmail.com','$2b$12$rVcd3hXwDpRDEJvxFQJkoObQANyB2fV4TIvKyOd24DWj8D4O9PyfG','+34979 02 07 78','2020-01-01 22:06:56'),(42,'Félix Jurado Diaz','flavio60@valenzuela.org','$2b$12$hixx7gTAmIGObyFcaN1P4.SgLX7ZmbuPgySmwpkhPplnPEmc5FVLe','+34 718 317 006','2021-06-27 07:20:57'),(43,'Tito Casanovas Abella','caminoitziar@artigas.com','$2b$12$hY88R2q5MdZ9jzz/kaRvO.t3kgfcTxYZKtxvSXYo5guuwbwGHjZmm','+34716647762','2021-09-29 23:34:23'),(44,'Teo Bas Valdés','heraclioperal@alemany.net','$2b$12$Fkf2pxI8OfE3pI9V7kFkdu2axfDB0PH/rUXd4u7Q/uoJw7Xth38Ui','+34680407403','2022-10-27 10:03:06'),(45,'Adrián Gil Viana','gasconheriberto@becerra.es','$2b$12$GjPWkF1DRYGRj6OmTtbgZ.5eHFrSrFfsYr4yWdQzPYgjP3rfShHK.','+34727 438 288','2020-01-20 18:48:26'),(46,'Fidel Bauzà','celia67@gmail.com','$2b$12$W9p5DBglnhI2GWDqPHcePefTLcwbx7PFEpoPt1Epx1n48DQk6F8/C','+34735 617 302','2024-10-10 19:00:29'),(47,'Leandra Gracia Menendez','zbenito@hotmail.com','$2b$12$zEC0km5m/Xr/EiA0x3hP7ORqsVFxevF8p3k9rRg4sGiL1U90Z1fVW','+34743 550 261','2021-08-01 10:30:00'),(48,'Fito Pinilla Nevado','chus60@reguera.es','$2b$12$y/FfPYb7BtpbH7e0Rj3tG.J/Zp0mmyh6VhcyJX7p3fGpKEvw0UTTe','+34 742 120 357','2021-08-29 05:21:40'),(49,'Ainoa del Machado','calixto11@yahoo.com','$2b$12$rZqAC9gqB9rWJlR4Zc4Y8ufxy3Ei8fwhQ2x14RD1Q9yUsHTUvMhdG','+34 687 276 119','2021-09-14 15:01:57'),(50,'Anselmo de Manrique','jose-manuel08@gmail.com','$2b$12$7O61euwx7HyVn0PCC5zY9eRhdPczBMTl6BzMIBD7OEojI2W/sX1Cm','+34734 34 17 59','2020-03-10 03:57:46'),(51,'Adelia Sevillano Arévalo','ecomas@elias-valle.net','$2b$12$3lscHzpC00lHzgm7i5zVCuLTPwKEr7OYlZbXrmEs9XmnLQX6PyGQ6','+34 728710787','2022-01-04 01:55:28');
/*!40000 ALTER TABLE `patitas_duenos` ENABLE KEYS */;

--
-- Table structure for table `patitas_facturas`
--

DROP TABLE IF EXISTS `patitas_facturas`;
/*!40101 SET @saved_cs_client     = @@character_set_client */;
/*!50503 SET character_set_client = utf8mb4 */;
CREATE TABLE `patitas_facturas` (
  `id` int NOT NULL AUTO_INCREMENT,
  `reserva_id` int DEFAULT NULL,
  `fecha_emision` timestamp NULL DEFAULT CURRENT_TIMESTAMP,
  `archivo_pdf_url` varchar(255) COLLATE utf8mb4_general_ci DEFAULT NULL,
  PRIMARY KEY (`id`),
  KEY `reserva_id` (`reserva_id`),
  CONSTRAINT `patitas_facturas_ibfk_1` FOREIGN KEY (`reserva_id`) REFERENCES `patitas_reservas` (`id`) ON DELETE CASCADE
) ENGINE=InnoDB DEFAULT CHARSET=utf8mb4 COLLATE=utf8mb4_general_ci;
/*!40101 SET character_set_client = @saved_cs_client */;

--
-- Dumping data for table `patitas_facturas`
--

/*!40000 ALTER TABLE `patitas_facturas` DISABLE KEYS */;
/*!40000 ALTER TABLE `patitas_facturas` ENABLE KEYS */;

--
-- Table structure for table `patitas_mascotas`
--

DROP TABLE IF EXISTS `patitas_mascotas`;
/*!40101 SET @saved_cs_client     = @@character_set_client */;
/*!50503 SET character_set_client = utf8mb4 */;
CREATE TABLE `patitas_mascotas` (
  `id` int NOT NULL AUTO_INCREMENT,
  `nombre` varchar(100) COLLATE utf8mb4_general_ci DEFAULT NULL,
  `tipo` enum('perro','gato') COLLATE utf8mb4_general_ci DEFAULT NULL,
  `raza` varchar(100) COLLATE utf8mb4_general_ci DEFAULT NULL,
  `edad` int DEFAULT NULL,
  `tamano` enum('pequeño','mediano','grande') COLLATE utf8mb4_general_ci DEFAULT NULL,
  `observaciones` text COLLATE utf8mb4_general_ci,
  `propietario_tipo` enum('dueno','cuidador') COLLATE utf8mb4_general_ci DEFAULT NULL,
  `propietario_id` int DEFAULT NULL,
  `fecha_registro` timestamp NULL DEFAULT CURRENT_TIMESTAMP,
  PRIMARY KEY (`id`)
) ENGINE=InnoDB AUTO_INCREMENT=152 DEFAULT CHARSET=utf8mb4 COLLATE=utf8mb4_general_ci;
/*!40101 SET character_set_client = @saved_cs_client */;

--
-- Dumping data for table `patitas_mascotas`
--

/*!40000 ALTER TABLE `patitas_mascotas` DISABLE KEYS */;
INSERT INTO `patitas_mascotas` VALUES (1,'Lucy','perro','Golden Retriever',8,'grande','En casa es como una alfombra, pero le encanta jugar con otros perros.','dueno',1,'2025-04-29 17:50:17'),(2,'Asia','perro','Border Collie',6,'mediano','Muy obediente y muy activa, le encanta perseguir palos y coger palos más grandes que ella.','dueno',1,'2025-04-29 17:50:17'),(3,'Aika','perro','Border Collie',1,'mediano','Es una cachorra muy juguetona, pero obediente, le encanta jugar con otros perros.','dueno',1,'2025-04-29 17:50:17'),(4,'Max','gato','British Shorthair',9,'grande','Disfruta de largas caminatas.','dueno',2,'2025-02-13 01:22:26'),(5,'Luna','perro','Boykin Spaniel',1,'mediano','Es extremadamente enérgico.','dueno',3,'2023-12-25 16:37:03'),(6,'Rocky','gato','California Spangled',3,'grande','Obediente y protector.','dueno',4,'2024-12-07 19:40:18'),(7,'Simba','perro','Golden Retriever',5,'mediano','Adora estar en compañía.','dueno',5,'2024-07-13 07:12:41'),(8,'Milo','perro','Spanish Water Dog',9,'mediano','Le gusta correr mucho.','dueno',6,'2023-10-17 12:33:30'),(9,'Nala','perro','American Eskimo Dog (Miniature)',2,'pequeño','Es curioso y siempre explora.','dueno',7,'2024-06-24 12:47:00'),(10,'Toby','gato','Maine Coon',13,'grande','Muy sociable con otros animales.','dueno',7,'2020-07-05 05:11:17'),(11,'Coco','gato','Aegean',11,'mediano','Prefiere ambientes tranquilos.','dueno',7,'2020-12-20 15:05:55'),(12,'Bella','gato','American Bobtail',13,'mediano','Es algo tímido con desconocidos.','dueno',8,'2022-02-20 00:57:04'),(13,'Zeus','perro','Bichon Frise',14,'pequeño','Es muy cariñoso.','dueno',9,'2025-01-18 21:58:27'),(14,'Lola','gato','American Shorthair',8,'mediano','Es juguetón y activo.','dueno',10,'2025-02-24 12:49:26'),(15,'Lucky','gato','Donskoy',13,'grande','Es tranquilo y obediente.','dueno',11,'2024-10-27 11:55:08'),(16,'Sasha','perro','Maltese',10,'pequeño','Suele dormir mucho.','dueno',12,'2025-02-02 06:31:06'),(17,'Tommy','perro','Bichon Frise',13,'pequeño','Es un excelente guardián.','dueno',12,'2020-06-29 09:20:00'),(18,'Maya','perro','Beagle',8,'pequeño','Aprende trucos fácilmente.','dueno',13,'2021-09-24 00:23:52'),(19,'Rex','perro','Border Terrier',12,'pequeño','Es muy cariñoso.','dueno',14,'2023-05-30 18:38:09'),(20,'Tigre','perro','Basenji',15,'mediano','Es juguetón y activo.','dueno',14,'2023-02-05 20:50:08'),(21,'Kira','gato','Ragdoll',14,'grande','Obediente y protector.','dueno',15,'2024-02-12 20:37:24'),(22,'Bruno','perro','Labrador Retriever',9,'grande','Disfruta de largas caminatas.','dueno',15,'2023-04-17 12:29:48'),(23,'Daisy','perro','Komondor',1,'grande','Prefiere ambientes tranquilos.','dueno',16,'2021-04-30 03:01:44'),(24,'Chispa','gato','Colorpoint Shorthair',14,'pequeño','Muy sociable con otros animales.','dueno',17,'2021-07-05 13:51:22'),(25,'Leo','gato','York Chocolate',1,'grande','Le gusta correr mucho.','dueno',17,'2020-03-04 16:40:32'),(26,'Thor','gato','American Wirehair',10,'mediano','Es curioso y siempre explora.','dueno',18,'2021-11-01 15:54:40'),(27,'Princesa','gato','Cornish Rex',8,'pequeño','Es extremadamente enérgico.','dueno',19,'2023-08-07 07:32:52'),(28,'Boby','gato','Arabian Mau',6,'mediano','Adora estar en compañía.','dueno',20,'2023-01-09 06:03:25'),(29,'Ron','perro','Schipperke',2,'pequeño','Suele dormir mucho.','dueno',21,'2023-08-13 22:30:09'),(30,'Mimi','gato','Devon Rex',12,'pequeño','Es un excelente guardián.','dueno',22,'2021-01-28 08:50:12'),(31,'Sol','gato','Australian Mist',11,'mediano','Aprende trucos fácilmente.','dueno',22,'2020-12-08 03:47:57'),(32,'Fiona','perro','Chinese Shar-Pei',7,'mediano','Es algo tímido con desconocidos.','dueno',22,'2020-03-04 05:13:18'),(33,'Pipo','perro','Kuvasz',6,'grande','Es muy cariñoso.','dueno',23,'2024-02-04 16:51:48'),(34,'Chloe','gato','Japanese Bobtail',5,'pequeño','Disfruta de largas caminatas.','dueno',24,'2020-02-01 03:40:05'),(35,'Pecas','gato','Javanese',5,'pequeño','Es extremadamente enérgico.','dueno',24,'2024-03-27 17:11:55'),(36,'Pelusa','perro','Labrador Retriever',6,'grande','Obediente y protector.','dueno',24,'2023-06-09 17:58:25'),(37,'Canela','perro','Labrador Retriever',7,'grande','Le gusta correr mucho.','dueno',25,'2021-12-04 04:23:28'),(38,'Blanco','perro','Beagle',7,'pequeño','Prefiere ambientes tranquilos.','dueno',26,'2022-12-19 08:26:25'),(39,'Negra','perro','Beagle',6,'pequeño','Muy sociable con otros animales.','dueno',27,'2023-07-04 01:17:01'),(40,'Manchitas','gato','British Shorthair',4,'grande','Es juguetón y activo.','dueno',28,'2020-09-20 01:57:42'),(41,'Rocco','perro','Rhodesian Ridgeback',9,'grande','Es curioso y siempre explora.','dueno',28,'2020-10-04 08:47:44'),(42,'Ares','gato','California Spangled',12,'grande','Adora estar en compañía.','dueno',28,'2024-09-30 21:56:35'),(43,'Duna','perro','Labrador Retriever',5,'grande','Es tranquilo y obediente.','dueno',29,'2024-10-02 02:55:28'),(44,'Gala','gato','Munchkin',6,'pequeño','Suele dormir mucho.','dueno',30,'2023-05-02 01:05:10'),(45,'Bombón','gato','Oriental',1,'pequeño','Es un excelente guardián.','dueno',30,'2022-09-10 04:53:46'),(46,'Nube','gato','Russian Blue',10,'pequeño','Aprende trucos fácilmente.','dueno',31,'2022-11-28 12:50:15'),(47,'Copito','perro','Bedlington Terrier',12,'mediano','Es muy cariñoso.','dueno',31,'2020-12-06 23:26:21'),(48,'Nieve','gato','Bengal',9,'mediano','Le gusta correr mucho.','dueno',31,'2020-03-09 05:47:58'),(49,'Trueno','gato','Scottish Fold',7,'pequeño','Es algo tímido con desconocidos.','dueno',32,'2022-08-27 15:41:57'),(50,'Rayito','perro','German Shepherd Dog',3,'grande','Muy sociable con otros animales.','dueno',33,'2022-07-10 09:57:48'),(51,'Bimba','perro','English Springer Spaniel',13,'mediano','Obediente y protector.','dueno',33,'2022-01-04 05:13:22'),(52,'Pirata','perro','Basenji',9,'mediano','Disfruta de largas caminatas.','dueno',34,'2024-12-10 06:43:29'),(53,'Golfo','gato','Singapura',1,'pequeño','Prefiere ambientes tranquilos.','dueno',35,'2020-08-10 05:45:09'),(54,'Otto','perro','Russian Toy',5,'pequeño','Es extremadamente enérgico.','dueno',36,'2021-02-10 16:49:44'),(55,'Zoe','gato','Turkish Angora',14,'pequeño','Es curioso y siempre explora.','dueno',37,'2020-02-23 02:00:04'),(56,'Mushu','gato','Donskoy',2,'grande','Adora estar en compañía.','dueno',38,'2023-07-04 20:33:48'),(57,'Chester','perro','Beauceron',11,'grande','Es juguetón y activo.','dueno',38,'2022-06-16 23:12:23'),(58,'Kovu','perro','Field Spaniel',8,'mediano','Suele dormir mucho.','dueno',39,'2023-08-19 21:20:16'),(59,'Dante','perro','Japanese Chin',4,'pequeño','Es un excelente guardián.','dueno',39,'2025-04-13 12:08:15'),(60,'Baloo','perro','Cairn Terrier',3,'pequeño','Aprende trucos fácilmente.','dueno',40,'2020-10-26 00:06:28'),(61,'Arya','perro','Lhasa Apso',15,'pequeño','Es algo tímido con desconocidos.','dueno',40,'2024-10-05 11:37:36'),(62,'Koko','gato','Colorpoint Shorthair',2,'pequeño','Le gusta correr mucho.','dueno',41,'2020-04-21 16:07:18'),(63,'Sombra','gato','Cornish Rex',7,'pequeño','Muy sociable con otros animales.','dueno',42,'2022-06-16 03:21:31'),(64,'Bolt','gato','Devon Rex',6,'pequeño','Obediente y protector.','dueno',42,'2023-04-10 10:02:43'),(65,'Cookie','gato','Birman',10,'mediano','Disfruta de largas caminatas.','dueno',43,'2021-07-02 00:42:52'),(66,'Pepe','perro','Beagle',11,'pequeño','Es tranquilo y obediente.','dueno',44,'2024-04-16 00:55:57'),(67,'Kiara','perro','Welsh Springer Spaniel',4,'mediano','Prefiere ambientes tranquilos.','dueno',44,'2023-06-26 21:56:29'),(68,'Lilo','perro','English Setter',12,'grande','Es extremadamente enérgico.','dueno',44,'2023-07-02 07:22:01'),(69,'Stitch','perro','Australian Cattle Dog',3,'mediano','Es muy cariñoso.','dueno',45,'2024-01-12 21:40:23'),(70,'Mocha','gato','Maine Coon',4,'grande','Es curioso y siempre explora.','dueno',46,'2021-02-15 09:21:37'),(71,'Canelo','perro','Harrier',3,'mediano','Adora estar en compañía.','dueno',46,'2022-12-19 12:26:20'),(72,'Violeta','perro','Chinese Shar-Pei',2,'mediano','Es juguetón y activo.','dueno',47,'2021-10-03 03:26:45'),(73,'Pelusa','gato','Ragdoll',9,'grande','Suele dormir mucho.','dueno',48,'2024-11-18 20:21:40'),(74,'Nina','gato','Japanese Bobtail',13,'pequeño','Es un excelente guardián.','dueno',48,'2024-04-03 05:25:02'),(75,'Chispa','gato','York Chocolate',3,'grande','Aprende trucos fácilmente.','dueno',49,'2020-10-20 13:56:01'),(76,'Jazz','perro','Shiba Inu',6,'pequeño','Le gusta correr mucho.','dueno',50,'2024-07-13 10:14:14'),(77,'Duque','gato','Bombay',13,'mediano','Es algo tímido con desconocidos.','dueno',51,'2024-06-23 01:44:52'),(78,'Lucy','perro','Golden Retriever',8,'mediano','En casa es como una alfombra, pero le encanta jugar con otros perros.','cuidador',1,'2025-04-29 18:29:54'),(79,'Asia','perro','Border Collie',6,'mediano','Muy obediente y muy activa, le encanta perseguir palos y coger palos más grandes que ella.','cuidador',1,'2025-04-29 18:29:54'),(80,'Aika','perro','Border Collie',1,'mediano','Es una cachorra muy juguetona, pero obediente, le encanta jugar con otros perros.','cuidador',1,'2025-04-29 18:29:54'),(81,'Max','perro','German Shepherd Dog',3,'grande','Es muy cariñoso.','cuidador',2,'2021-11-21 08:02:00'),(82,'Tigre','gato','British Longhair',6,'mediano','Muy sociable con otros animales.','cuidador',3,'2025-04-21 11:10:27'),(83,'Leo','gato','Javanese',2,'pequeño','Es algo tímido con desconocidos.','cuidador',4,'2025-03-24 21:19:57'),(84,'Tigre','gato','Burmese',14,'mediano','Le gusta correr mucho.','cuidador',5,'2020-03-17 11:25:01'),(85,'Sombra','gato','Burmilla',6,'mediano','Es curioso y siempre explora.','cuidador',6,'2023-10-05 20:49:42'),(86,'Negra','perro','Cocker Spaniel (American)',10,'mediano','Es algo tímido con desconocidos.','cuidador',7,'2023-11-22 03:20:14'),(87,'Mimi','perro','Nova Scotia Duck Tolling Retriever',3,'mediano','Es algo tímido con desconocidos.','cuidador',7,'2021-10-12 02:47:08'),(88,'Nala','gato','Chantilly-Tiffany',1,'mediano','Es juguetón y activo.','cuidador',8,'2020-01-05 14:45:17'),(89,'Rocky','perro','Lagotto Romagnolo',4,'mediano','Es tranquilo y obediente.','cuidador',8,'2024-07-05 20:45:39'),(90,'Rocky','perro','Appenzeller Sennenhund',6,'grande','Prefiere ambientes tranquilos.','cuidador',9,'2021-05-01 09:48:37'),(91,'Ron','perro','Redbone Coonhound',7,'grande','Es curioso y siempre explora.','cuidador',10,'2022-08-02 05:30:17'),(92,'Mimi','perro','Basset Hound',5,'mediano','Prefiere ambientes tranquilos.','cuidador',11,'2025-04-11 17:05:44'),(93,'Pipo','gato','Munchkin',10,'pequeño','Obediente y protector.','cuidador',11,'2022-07-16 13:26:32'),(94,'Daisy','gato','Oriental',5,'pequeño','Disfruta de largas caminatas.','cuidador',12,'2022-11-22 00:24:28'),(95,'Manchitas','perro','Norwich Terrier',4,'pequeño','Le gusta correr mucho.','cuidador',13,'2021-02-04 03:43:12'),(96,'Koko','perro','Field Spaniel',6,'mediano','Muy sociable con otros animales.','cuidador',14,'2022-12-10 14:35:11'),(97,'Simba','perro','Chinese Crested',3,'pequeño','Es juguetón y activo.','cuidador',15,'2022-12-28 05:12:53'),(98,'Manchitas','gato','Chartreux',3,'mediano','Disfruta de largas caminatas.','cuidador',15,'2022-02-13 15:31:11'),(99,'Max','gato','Russian Blue',8,'pequeño','Le gusta correr mucho.','cuidador',16,'2022-06-11 12:00:53'),(100,'Duna','gato','Chausie',2,'mediano','Muy sociable con otros animales.','cuidador',17,'2023-06-11 16:02:47'),(101,'Milo','perro','Soft Coated Wheaten Terrier',3,'mediano','Le gusta correr mucho.','cuidador',18,'2024-10-20 08:41:55'),(102,'Leo','gato','Scottish Fold',6,'pequeño','Es muy cariñoso.','cuidador',19,'2023-02-25 08:26:54'),(103,'Sol','perro','Black and Tan Coonhound',8,'grande','Obediente y protector.','cuidador',20,'2022-07-05 20:32:27'),(104,'Sombra','perro','Bull Terrier',12,'grande','Muy sociable con otros animales.','cuidador',20,'2022-05-13 08:04:10'),(105,'Bella','perro','German Shepherd Dog',13,'grande','Es juguetón y activo.','cuidador',21,'2023-09-28 17:19:38'),(106,'Chispa','perro','Beagle',12,'pequeño','Es juguetón y activo.','cuidador',21,'2023-10-01 11:53:40'),(107,'Mushu','gato','Cheetoh',13,'mediano','Prefiere ambientes tranquilos.','cuidador',22,'2025-02-18 10:11:36'),(108,'Bruno','perro','Shiba Inu',9,'pequeño','Es juguetón y activo.','cuidador',23,'2023-10-22 18:38:15'),(109,'Maya','gato','Singapura',9,'pequeño','Prefiere ambientes tranquilos.','cuidador',24,'2023-08-11 00:46:15'),(110,'Pipo','perro','Rottweiler',14,'grande','Obediente y protector.','cuidador',24,'2024-11-13 09:48:29'),(111,'Kovu','gato','Cymric',2,'mediano','Es juguetón y activo.','cuidador',25,'2020-03-10 15:32:02'),(112,'Leo','perro','Australian Kelpie',1,'mediano','Es algo tímido con desconocidos.','cuidador',26,'2023-06-18 21:21:00'),(113,'Thor','gato','Turkish Angora',2,'pequeño','Es algo tímido con desconocidos.','cuidador',26,'2025-04-21 23:27:07'),(114,'Sombra','perro','Basset Hound',12,'mediano','Es muy cariñoso.','cuidador',27,'2021-06-27 20:57:30'),(115,'Toby','gato','Cyprus',6,'mediano','Disfruta de largas caminatas.','cuidador',27,'2023-07-21 07:22:26'),(116,'Pecas','gato','Dragon Li',5,'mediano','Le gusta correr mucho.','cuidador',28,'2023-10-22 12:01:37'),(117,'Chester','perro','Labrador Retriever',1,'grande','Disfruta de largas caminatas.','cuidador',28,'2020-03-05 19:47:27'),(118,'Blanco','perro','Tibetan Terrier',2,'mediano','Es curioso y siempre explora.','cuidador',29,'2020-06-16 19:00:57'),(119,'Arya','gato','Egyptian Mau',3,'mediano','Es muy cariñoso.','cuidador',30,'2020-07-03 01:01:29'),(120,'Pirata','perro','Clumber Spaniel',3,'mediano','Le gusta correr mucho.','cuidador',31,'2022-05-10 21:52:34'),(121,'Zoe','gato','European Burmese',4,'mediano','Prefiere ambientes tranquilos.','cuidador',31,'2025-01-29 22:46:19'),(122,'Pipo','perro','Cardigan Welsh Corgi',13,'pequeño','Prefiere ambientes tranquilos.','cuidador',32,'2022-05-21 01:37:01'),(123,'Ron','perro','Dutch Shepherd',7,'grande','Muy sociable con otros animales.','cuidador',33,'2021-03-13 05:56:55'),(124,'Bruno','perro','Newfoundland',1,'grande','Prefiere ambientes tranquilos.','cuidador',34,'2024-06-04 14:21:32'),(125,'Thor','perro','Staffordshire Bull Terrier',14,'mediano','Es muy cariñoso.','cuidador',35,'2024-06-20 12:18:35'),(126,'Milo','gato','Exotic Shorthair',3,'mediano','Disfruta de largas caminatas.','cuidador',36,'2022-09-20 10:59:26'),(127,'Mushu','perro','Clumber Spaniel',14,'mediano','Obediente y protector.','cuidador',36,'2020-04-09 15:16:26'),(128,'Pecas','perro','Australian Cattle Dog',2,'mediano','Es juguetón y activo.','cuidador',37,'2021-11-28 13:21:07'),(129,'Canela','gato','Havana Brown',11,'mediano','Muy sociable con otros animales.','cuidador',38,'2022-08-20 05:25:57'),(130,'Kovu','gato','Himalayan',5,'mediano','Es algo tímido con desconocidos.','cuidador',39,'2023-08-07 04:50:42'),(131,'Mushu','perro','Welsh Springer Spaniel',4,'mediano','Le gusta correr mucho.','cuidador',40,'2022-05-19 23:45:47'),(132,'Ron','perro','Australian Kelpie',7,'mediano','Le gusta correr mucho.','cuidador',41,'2021-03-08 22:55:58'),(133,'Pelusa','perro','Japanese Chin',8,'pequeño','Es muy cariñoso.','cuidador',42,'2023-01-09 17:18:37'),(134,'Trueno','perro','American Water Spaniel',3,'mediano','Muy sociable con otros animales.','cuidador',42,'2024-10-08 00:57:41'),(135,'Ares','perro','Border Terrier',14,'pequeño','Es algo tímido con desconocidos.','cuidador',43,'2020-01-20 20:55:18'),(136,'Otto','perro','Coton de Tulear',5,'pequeño','Es curioso y siempre explora.','cuidador',44,'2020-09-02 04:57:22'),(137,'Kira','perro','Beagle',13,'pequeño','Es curioso y siempre explora.','cuidador',45,'2021-12-08 09:23:24'),(138,'Pirata','perro','Finnish Lapphund',15,'mediano','Es juguetón y activo.','cuidador',45,'2022-07-24 18:25:03'),(139,'Milo','perro','American Eskimo Dog',8,'mediano','Prefiere ambientes tranquilos.','cuidador',46,'2020-01-13 01:53:42'),(140,'Pipo','perro','German Shepherd Dog',2,'grande','Es curioso y siempre explora.','cuidador',46,'2020-02-19 16:36:05'),(141,'Arya','gato','Khao Manee',13,'mediano','Prefiere ambientes tranquilos.','cuidador',47,'2020-10-07 12:19:49'),(142,'Koko','gato','Korat',8,'mediano','Es tranquilo y obediente.','cuidador',47,'2021-11-21 10:16:46'),(143,'Pelusa','perro','Pekingese',3,'pequeño','Es algo tímido con desconocidos.','cuidador',48,'2023-08-17 17:36:30'),(144,'Daisy','perro','Vizsla',10,'grande','Es juguetón y activo.','cuidador',48,'2021-10-05 19:40:53'),(145,'Maya','perro','Cocker Spaniel (American)',11,'mediano','Prefiere ambientes tranquilos.','cuidador',49,'2024-04-17 01:00:38'),(146,'Kovu','perro','Lagotto Romagnolo',3,'mediano','Obediente y protector.','cuidador',49,'2022-09-19 09:45:03'),(147,'Ron','perro','Cocker Spaniel',14,'mediano','Obediente y protector.','cuidador',50,'2022-04-13 06:35:51'),(148,'Boby','perro','English Springer Spaniel',4,'mediano','Obediente y protector.','cuidador',50,'2023-09-27 04:03:09'),(149,'Kira','perro','Bouvier des Flandres',8,'grande','Prefiere ambientes tranquilos.','cuidador',51,'2022-08-15 17:57:10'),(150,'Chispa','gato','Kurilian',10,'mediano','Prefiere ambientes tranquilos.','cuidador',51,'2022-10-26 14:43:18'),(151,'Rayito','gato','LaPerm',9,'mediano','Es algo tímido con desconocidos.','cuidador',52,'2021-11-20 06:04:18');
/*!40000 ALTER TABLE `patitas_mascotas` ENABLE KEYS */;

--
-- Table structure for table `patitas_mascotas_imagenes`
--

DROP TABLE IF EXISTS `patitas_mascotas_imagenes`;
/*!40101 SET @saved_cs_client     = @@character_set_client */;
/*!50503 SET character_set_client = utf8mb4 */;
CREATE TABLE `patitas_mascotas_imagenes` (
  `id` int NOT NULL AUTO_INCREMENT,
  `mascota_id` int NOT NULL,
  `imagen_url` varchar(255) COLLATE utf8mb4_general_ci NOT NULL,
  `fecha_registro` timestamp NULL DEFAULT CURRENT_TIMESTAMP,
  PRIMARY KEY (`id`),
  KEY `mascota_id` (`mascota_id`),
  CONSTRAINT `patitas_mascotas_imagenes_ibfk_1` FOREIGN KEY (`mascota_id`) REFERENCES `patitas_mascotas` (`id`) ON DELETE CASCADE
) ENGINE=InnoDB AUTO_INCREMENT=488 DEFAULT CHARSET=utf8mb4 COLLATE=utf8mb4_general_ci;
/*!40101 SET character_set_client = @saved_cs_client */;

--
-- Dumping data for table `patitas_mascotas_imagenes`
--

/*!40000 ALTER TABLE `patitas_mascotas_imagenes` DISABLE KEYS */;
INSERT INTO `patitas_mascotas_imagenes` VALUES (1,1,'https://cdn2.thedogapi.com/images/HJ7Pzg5EQ_1280.jpg','2025-04-29 17:50:17'),(2,2,'https://cdn2.thedogapi.com/images/sGQvQUpsp.jpg','2025-04-29 17:50:17'),(3,2,'https://cdn2.thedogapi.com/images/8X9vWcGdt.jpg','2025-04-29 17:50:17'),(4,2,'https://cdn2.thedogapi.com/images/uFQ94lGDH.jpg','2025-04-29 17:50:17'),(5,2,'https://cdn2.thedogapi.com/images/LtMYL_t3J.jpg','2025-04-29 17:50:17'),(6,2,'https://cdn2.thedogapi.com/images/hOQCNqMDb.jpg','2025-04-29 17:50:17'),(7,2,'https://cdn2.thedogapi.com/images/7QHpSGHqI.jpg','2025-04-29 17:50:17'),(8,3,'https://cdn2.thedogapi.com/images/XzvYXKK4K.jpg','2025-04-29 17:50:17'),(9,3,'https://cdn2.thedogapi.com/images/ehW1aS16H.jpg','2025-04-29 17:50:17'),(10,3,'https://cdn2.thedogapi.com/images/hcx2zV5Bj.jpg','2025-04-29 17:50:17'),(11,3,'https://cdn2.thedogapi.com/images/LtMYL_t3J.jpg','2025-04-29 17:50:17'),(12,3,'https://cdn2.thedogapi.com/images/NCA5enafW.jpg','2025-04-29 17:50:17'),(13,3,'https://cdn2.thedogapi.com/images/K5hLbTi6d.jpg','2025-04-29 17:50:17'),(14,5,'https://cdn2.thedogapi.com/images/ryHJZlcNX_1280.jpg','2023-12-25 16:37:03'),(15,7,'https://cdn2.thedogapi.com/images/HJ7Pzg5EQ_1280.jpg','2024-07-13 07:12:41'),(16,8,'https://cdn2.thedogapi.com/images/HJf4jl9VX_1280.jpg','2023-10-17 12:33:30'),(17,9,'https://cdn2.thedogapi.com/images/HJq5ke5Nm_1280.jpg','2024-06-24 12:47:00'),(18,9,'https://cdn2.thedogapi.com/images/_gn8GLrE6.jpg','2024-06-24 12:47:00'),(19,9,'https://cdn2.thedogapi.com/images/kg9CXjYml.jpg','2024-06-24 12:47:00'),(20,9,'https://cdn2.thedogapi.com/images/0yxSqpNj4.jpg','2024-06-24 12:47:00'),(21,9,'https://cdn2.thedogapi.com/images/RG55aK2bn.jpg','2024-06-24 12:47:00'),(22,9,'https://cdn2.thedogapi.com/images/8jjWfmjNt.jpg','2024-06-24 12:47:00'),(23,13,'https://cdn2.thedogapi.com/images/HkuYlxqEQ_1280.jpg','2025-01-18 21:58:27'),(24,16,'https://cdn2.thedogapi.com/images/B1SV7gqN7_1280.jpg','2025-02-02 06:31:06'),(25,17,'https://cdn2.thedogapi.com/images/HkuYlxqEQ_1280.jpg','2020-06-29 09:20:00'),(26,18,'https://cdn2.thedogapi.com/images/Syd4xxqEm_1280.jpg','2021-09-24 00:23:52'),(27,19,'https://cdn2.thedogapi.com/images/HJOpge9Em_1280.jpg','2023-05-30 18:38:09'),(28,20,'https://cdn2.thedogapi.com/images/H1dGlxqNQ_1280.jpg','2023-02-05 20:50:08'),(29,22,'https://cdn2.thedogapi.com/images/B1uW7l5VX_1280.jpg','2023-04-17 12:29:48'),(30,23,'https://cdn2.thedogapi.com/images/Bko0fl547_1280.jpg','2021-04-30 03:01:44'),(31,29,'https://cdn2.thedogapi.com/images/SyBvVgc47_1280.jpg','2023-08-13 22:30:09'),(32,32,'https://cdn2.thedogapi.com/images/B1ruWl94Q_1280.jpg','2020-03-04 05:13:18'),(33,33,'https://cdn2.thedogapi.com/images/BykZ7ecVX_1280.jpg','2024-02-04 16:51:48'),(34,36,'https://cdn2.thedogapi.com/images/B1uW7l5VX_1280.jpg','2023-06-09 17:58:25'),(35,37,'https://cdn2.thedogapi.com/images/B1uW7l5VX_1280.jpg','2021-12-04 04:23:28'),(36,38,'https://cdn2.thedogapi.com/images/Syd4xxqEm_1280.jpg','2022-12-19 08:26:25'),(37,39,'https://cdn2.thedogapi.com/images/Syd4xxqEm_1280.jpg','2023-07-04 01:17:01'),(38,41,'https://cdn2.thedogapi.com/images/By9zNgqE7_1280.jpg','2020-10-04 08:47:44'),(39,43,'https://cdn2.thedogapi.com/images/B1uW7l5VX_1280.jpg','2024-10-02 02:55:28'),(40,47,'https://cdn2.thedogapi.com/images/ByK8gx947_1280.jpg','2020-12-06 23:26:21'),(41,50,'https://cdn2.thedogapi.com/images/SJyBfg5NX_1280.jpg','2022-07-10 09:57:48'),(42,51,'https://cdn2.thedogapi.com/images/Hk0Jfe5VQ_1280.jpg','2022-01-04 05:13:22'),(43,52,'https://cdn2.thedogapi.com/images/H1dGlxqNQ_1280.jpg','2024-12-10 06:43:29'),(44,54,'https://cdn2.thedogapi.com/images/HkP7Vxc4Q_1280.jpg','2021-02-10 16:49:44'),(45,57,'https://cdn2.thedogapi.com/images/HJQ8ge5V7_1280.jpg','2022-06-16 23:12:23'),(46,58,'https://cdn2.thedogapi.com/images/SkJfGecE7_1280.jpg','2023-08-19 21:20:16'),(47,59,'https://cdn2.thedogapi.com/images/r1H6feqEm_1280.jpg','2025-04-13 12:08:15'),(48,60,'https://cdn2.thedogapi.com/images/Sk7Qbg9E7_1280.jpg','2020-10-26 00:06:28'),(49,61,'https://cdn2.thedogapi.com/images/SJp7Qe5EX_1280.jpg','2024-10-05 11:37:36'),(50,66,'https://cdn2.thedogapi.com/images/Syd4xxqEm_1280.jpg','2024-04-16 00:55:57'),(51,67,'https://cdn2.thedogapi.com/images/BJ1gnx5Vm_1280.jpg','2023-06-26 21:56:29'),(52,68,'https://cdn2.thedogapi.com/images/By4A-eqVX_1280.jpg','2023-07-02 07:22:01'),(53,69,'https://cdn2.thedogapi.com/images/kzcMOroSg.jpg','2024-01-12 21:40:23'),(54,69,'https://cdn2.thedogapi.com/images/IBkYVm4v1.jpg','2024-01-12 21:40:23'),(55,69,'https://cdn2.thedogapi.com/images/9AXHhr6LG.jpg','2024-01-12 21:40:23'),(56,69,'https://cdn2.thedogapi.com/images/g8KDO0Yvd.jpg','2024-01-12 21:40:23'),(57,69,'https://cdn2.thedogapi.com/images/Lx1N_UKFS.jpg','2024-01-12 21:40:23'),(58,69,'https://cdn2.thedogapi.com/images/oTWQDw9C9.jpg','2024-01-12 21:40:23'),(59,71,'https://cdn2.thedogapi.com/images/B1IcfgqE7_1280.jpg','2022-12-19 12:26:20'),(60,72,'https://cdn2.thedogapi.com/images/B1ruWl94Q_1280.jpg','2021-10-03 03:26:45'),(61,76,'https://cdn2.thedogapi.com/images/rbPXSCiYx.jpg','2024-07-13 10:14:14'),(62,76,'https://cdn2.thedogapi.com/images/MOIDBgbt_.jpg','2024-07-13 10:14:14'),(63,76,'https://cdn2.thedogapi.com/images/RStuTUw66.jpg','2024-07-13 10:14:14'),(64,76,'https://cdn2.thedogapi.com/images/GZbsnFkqD.jpg','2024-07-13 10:14:14'),(65,76,'https://cdn2.thedogapi.com/images/uW3mbibK4.jpg','2024-07-13 10:14:14'),(66,76,'https://cdn2.thedogapi.com/images/hKXTfH70r.jpg','2024-07-13 10:14:14'),(67,78,'https://cdn2.thedogapi.com/images/HJ7Pzg5EQ_1280.jpg','2025-04-29 18:29:54'),(68,79,'https://cdn2.thedogapi.com/images/U7OLiFMLX.jpg','2025-04-29 18:29:54'),(69,79,'https://cdn2.thedogapi.com/images/9LkzqFTjO.jpg','2025-04-29 18:29:54'),(70,79,'https://cdn2.thedogapi.com/images/LtMYL_t3J.jpg','2025-04-29 18:29:54'),(71,79,'https://cdn2.thedogapi.com/images/hOQCNqMDb.jpg','2025-04-29 18:29:54'),(72,79,'https://cdn2.thedogapi.com/images/7QHpSGHqI.jpg','2025-04-29 18:29:54'),(73,79,'https://cdn2.thedogapi.com/images/NyW9yv8vj.jpg','2025-04-29 18:29:54'),(74,80,'https://cdn2.thedogapi.com/images/XzvYXKK4K.jpg','2025-04-29 18:29:54'),(75,80,'https://cdn2.thedogapi.com/images/U7OLiFMLX.jpg','2025-04-29 18:29:54'),(76,80,'https://cdn2.thedogapi.com/images/SnbUh5ntS.jpg','2025-04-29 18:29:54'),(77,80,'https://cdn2.thedogapi.com/images/BPp0qBhbV.jpg','2025-04-29 18:29:54'),(78,80,'https://cdn2.thedogapi.com/images/3s4QqsTxZ.jpg','2025-04-29 18:29:54'),(79,80,'https://cdn2.thedogapi.com/images/LtMYL_t3J.jpg','2025-04-29 18:29:54'),(80,81,'https://cdn2.thedogapi.com/images/SJyBfg5NX_1280.jpg','2021-11-21 08:02:00'),(81,86,'https://cdn2.thedogapi.com/images/HkRcZe547_1280.jpg','2023-11-22 03:20:14'),(82,87,'https://cdn2.thedogapi.com/images/SyYtQe5V7_1280.jpg','2021-10-12 02:47:08'),(83,89,'https://cdn2.thedogapi.com/images/ryzzmgqE7_1280.jpg','2024-07-05 20:45:39'),(84,90,'https://cdn2.thedogapi.com/images/HkNkxlqEX_1280.jpg','2021-05-01 09:48:37'),(85,91,'https://cdn2.thedogapi.com/images/HJMzEl5N7_1280.jpg','2022-08-02 05:30:17'),(86,92,'https://cdn2.thedogapi.com/images/Sy57xx9EX_1280.jpg','2025-04-11 17:05:44'),(87,95,'https://cdn2.thedogapi.com/images/BkgKXlqE7_1280.jpg','2021-02-04 03:43:12'),(88,96,'https://cdn2.thedogapi.com/images/SkJfGecE7_1280.jpg','2022-12-10 14:35:11'),(89,97,'https://cdn2.thedogapi.com/images/B1pDZx9Nm_1280.jpg','2022-12-28 05:12:53'),(90,101,'https://cdn2.thedogapi.com/images/HJHmix5NQ_1280.jpg','2024-10-20 08:41:55'),(91,103,'https://cdn2.thedogapi.com/images/HJAFgxcNQ_1280.jpg','2022-07-05 20:32:27'),(92,104,'https://cdn2.thedogapi.com/images/4NWunSWE1.jpg','2022-05-13 08:04:10'),(93,104,'https://cdn2.thedogapi.com/images/8WPhRloCS.jpg','2022-05-13 08:04:10'),(94,104,'https://cdn2.thedogapi.com/images/-lue5tDMo.jpg','2022-05-13 08:04:10'),(95,104,'https://cdn2.thedogapi.com/images/6Dj7tp_vB.jpg','2022-05-13 08:04:10'),(96,104,'https://cdn2.thedogapi.com/images/E0iEH4Nof.jpg','2022-05-13 08:04:10'),(97,104,'https://cdn2.thedogapi.com/images/607_FDb_p.jpg','2022-05-13 08:04:10'),(98,105,'https://cdn2.thedogapi.com/images/SJyBfg5NX_1280.jpg','2023-09-28 17:19:38'),(99,106,'https://cdn2.thedogapi.com/images/Syd4xxqEm_1280.jpg','2023-10-01 11:53:40'),(100,108,'https://cdn2.thedogapi.com/images/Cr3YuxzEV.jpg','2023-10-22 18:38:15'),(101,108,'https://cdn2.thedogapi.com/images/a4dzJ1h49.jpg','2023-10-22 18:38:15'),(102,108,'https://cdn2.thedogapi.com/images/GZbsnFkqD.jpg','2023-10-22 18:38:15'),(103,108,'https://cdn2.thedogapi.com/images/xJJyuYXJS.jpg','2023-10-22 18:38:15'),(104,108,'https://cdn2.thedogapi.com/images/BVOO_4xkh.jpg','2023-10-22 18:38:15'),(105,108,'https://cdn2.thedogapi.com/images/NoSR1FFPx.jpg','2023-10-22 18:38:15'),(106,110,'https://cdn2.thedogapi.com/images/r1xXEgcNX_1280.jpg','2024-11-13 09:48:29'),(107,112,'https://cdn2.thedogapi.com/images/Hyq1ge9VQ_1280.jpg','2023-06-18 21:21:00'),(108,114,'https://cdn2.thedogapi.com/images/Sy57xx9EX_1280.jpg','2021-06-27 20:57:30'),(109,117,'https://cdn2.thedogapi.com/images/B1uW7l5VX_1280.jpg','2020-03-05 19:47:27'),(110,118,'https://cdn2.thedogapi.com/images/YavuF9onG.jpg','2020-06-16 19:00:57'),(111,118,'https://cdn2.thedogapi.com/images/14MaKTcUX.jpg','2020-06-16 19:00:57'),(112,118,'https://cdn2.thedogapi.com/images/tmj_UmLCS.jpg','2020-06-16 19:00:57'),(113,118,'https://cdn2.thedogapi.com/images/72Ttvx0Iz.jpg','2020-06-16 19:00:57'),(114,118,'https://cdn2.thedogapi.com/images/ZkpNcWUTY.jpg','2020-06-16 19:00:57'),(115,118,'https://cdn2.thedogapi.com/images/O9aaUjez3.jpg','2020-06-16 19:00:57'),(116,120,'https://cdn2.thedogapi.com/images/rkeqWgq4Q_1280.jpg','2022-05-10 21:52:34'),(117,122,'https://cdn2.thedogapi.com/images/SyXN-e9NX_1280.jpg','2022-05-21 01:37:01'),(118,123,'https://cdn2.thedogapi.com/images/BkE6Wg5E7_1280.jpg','2021-03-13 05:56:55'),(119,124,'https://cdn2.thedogapi.com/images/Sk4DXl54m_1280.jpg','2024-06-04 14:21:32'),(120,125,'https://cdn2.thedogapi.com/images/H1zSie9V7_1280.jpg','2024-06-20 12:18:35'),(121,127,'https://cdn2.thedogapi.com/images/rkeqWgq4Q_1280.jpg','2020-04-09 15:16:26'),(122,128,'https://cdn2.thedogapi.com/images/3NC7vIjMR.jpg','2021-11-28 13:21:07'),(123,128,'https://cdn2.thedogapi.com/images/mdjFBMjtk.jpg','2021-11-28 13:21:07'),(124,128,'https://cdn2.thedogapi.com/images/XWzQsmrmX.jpg','2021-11-28 13:21:07'),(125,128,'https://cdn2.thedogapi.com/images/Lx1N_UKFS.jpg','2021-11-28 13:21:07'),(126,128,'https://cdn2.thedogapi.com/images/oTWQDw9C9.jpg','2021-11-28 13:21:07'),(127,128,'https://cdn2.thedogapi.com/images/xAo4Tfbyg.jpg','2021-11-28 13:21:07'),(128,131,'https://cdn2.thedogapi.com/images/BJ1gnx5Vm_1280.jpg','2022-05-19 23:45:47'),(129,132,'https://cdn2.thedogapi.com/images/Hyq1ge9VQ_1280.jpg','2021-03-08 22:55:58'),(130,133,'https://cdn2.thedogapi.com/images/r1H6feqEm_1280.jpg','2023-01-09 17:18:37'),(131,134,'https://cdn2.thedogapi.com/images/SkmRJl9VQ_1280.jpg','2024-10-08 00:57:41'),(132,135,'https://cdn2.thedogapi.com/images/HJOpge9Em_1280.jpg','2020-01-20 20:55:18'),(133,136,'https://cdn2.thedogapi.com/images/SyviZlqNm_1280.jpg','2020-09-02 04:57:22'),(134,137,'https://cdn2.thedogapi.com/images/Syd4xxqEm_1280.jpg','2021-12-08 09:23:24'),(135,138,'https://cdn2.thedogapi.com/images/S1KMGg5Vm_1280.jpg','2022-07-24 18:25:03'),(136,139,'https://cdn2.thedogapi.com/images/Bymjyec4m_1280.jpg','2020-01-13 01:53:42'),(137,139,'https://cdn2.thedogapi.com/images/EB8A5HQHX.jpg','2020-01-13 01:53:42'),(138,139,'https://cdn2.thedogapi.com/images/A3iocPBuU.jpg','2020-01-13 01:53:42'),(139,139,'https://cdn2.thedogapi.com/images/20ILpw3eY.jpg','2020-01-13 01:53:42'),(140,139,'https://cdn2.thedogapi.com/images/FXigpiT_A.jpg','2020-01-13 01:53:42'),(141,139,'https://cdn2.thedogapi.com/images/rVOHQ6r1R.jpg','2020-01-13 01:53:42'),(142,140,'https://cdn2.thedogapi.com/images/SJyBfg5NX_1280.jpg','2020-02-19 16:36:05'),(143,143,'https://cdn2.thedogapi.com/images/ByIiml9Nm_1280.jpg','2023-08-17 17:36:30'),(144,144,'https://cdn2.thedogapi.com/images/r1o0jx9Em_1280.jpg','2021-10-05 19:40:53'),(145,145,'https://cdn2.thedogapi.com/images/HkRcZe547_1280.jpg','2024-04-17 01:00:38'),(146,146,'https://cdn2.thedogapi.com/images/ryzzmgqE7_1280.jpg','2022-09-19 09:45:03'),(147,147,'https://cdn2.thedogapi.com/images/Pxdz3FZQt.jpg','2022-04-13 06:35:51'),(148,147,'https://cdn2.thedogapi.com/images/JfXoSp85R.jpg','2022-04-13 06:35:51'),(149,147,'https://cdn2.thedogapi.com/images/H6h17XOYn.jpg','2022-04-13 06:35:51'),(150,147,'https://cdn2.thedogapi.com/images/BQX_0_22x.jpg','2022-04-13 06:35:51'),(151,147,'https://cdn2.thedogapi.com/images/MDo8TFF2I.jpg','2022-04-13 06:35:51'),(152,147,'https://cdn2.thedogapi.com/images/2v2nAUTLB.jpg','2022-04-13 06:35:51'),(153,148,'https://cdn2.thedogapi.com/images/Hk0Jfe5VQ_1280.jpg','2023-09-27 04:03:09'),(154,149,'https://cdn2.thedogapi.com/images/Byd0xl5VX_1280.jpg','2022-08-15 17:57:10'),(155,4,'https://cdn2.thecatapi.com/images/qXypILClv.jpg','2025-02-13 01:22:26'),(156,4,'https://cdn2.thecatapi.com/images/2b2pFY0-t.jpg','2025-02-13 01:22:26'),(157,4,'https://cdn2.thecatapi.com/images/4QlywK9_Y.jpg','2025-02-13 01:22:26'),(158,4,'https://cdn2.thecatapi.com/images/M9p3Ql5GH.jpg','2025-02-13 01:22:26'),(159,4,'https://cdn2.thecatapi.com/images/vDEddqSfy.png','2025-02-13 01:22:26'),(160,4,'https://cdn2.thecatapi.com/images/ZdhQh9wc9.jpg','2025-02-13 01:22:26'),(161,6,'https://cdn2.thecatapi.com/images/B1ERTmgph.jpg','2024-12-07 19:40:18'),(162,10,'https://cdn2.thecatapi.com/images/MmiojCuKC.jpg','2020-07-05 05:11:17'),(163,10,'https://cdn2.thecatapi.com/images/MtgMsxPw9.jpg','2020-07-05 05:11:17'),(164,10,'https://cdn2.thecatapi.com/images/EwApDDFZR.jpg','2020-07-05 05:11:17'),(165,10,'https://cdn2.thecatapi.com/images/VuFcqjORh.jpg','2020-07-05 05:11:17'),(166,10,'https://cdn2.thecatapi.com/images/vXb2jdNoo.jpg','2020-07-05 05:11:17'),(167,10,'https://cdn2.thecatapi.com/images/6JCuKEGDQ.jpg','2020-07-05 05:11:17'),(168,11,'https://cdn2.thecatapi.com/images/ozEvzdVM-.jpg','2020-12-20 15:05:55'),(169,11,'https://cdn2.thecatapi.com/images/h19-vtIeX.jpg','2020-12-20 15:05:55'),(170,11,'https://cdn2.thecatapi.com/images/ks5wRxZmP.jpg','2020-12-20 15:05:55'),(171,11,'https://cdn2.thecatapi.com/images/uvt2Psd9O.jpg','2020-12-20 15:05:55'),(172,11,'https://cdn2.thecatapi.com/images/Hb2N6tYTJ.jpg','2020-12-20 15:05:55'),(173,12,'https://cdn2.thecatapi.com/images/d55E_KMKZ.jpg','2022-02-20 00:57:04'),(174,12,'https://cdn2.thecatapi.com/images/8r4M61iyS.jpg','2022-02-20 00:57:04'),(175,12,'https://cdn2.thecatapi.com/images/hBXicehMA.jpg','2022-02-20 00:57:04'),(176,12,'https://cdn2.thecatapi.com/images/gVrhv_yAY.jpg','2022-02-20 00:57:04'),(177,12,'https://cdn2.thecatapi.com/images/vH0bd0YDH.jpg','2022-02-20 00:57:04'),(178,12,'https://cdn2.thecatapi.com/images/r_njVlaSz.jpg','2022-02-20 00:57:04'),(179,14,'https://cdn2.thecatapi.com/images/SCHe-SekW.jpg','2025-02-24 12:49:26'),(180,14,'https://cdn2.thecatapi.com/images/8NdgktL3E.jpg','2025-02-24 12:49:26'),(181,14,'https://cdn2.thecatapi.com/images/MuEGe1-Sz.jpg','2025-02-24 12:49:26'),(182,14,'https://cdn2.thecatapi.com/images/JFPROfGtQ.jpg','2025-02-24 12:49:26'),(183,15,'https://cdn2.thecatapi.com/images/KWVenr3Pq.jpg','2024-10-27 11:55:08'),(184,15,'https://cdn2.thecatapi.com/images/3KG57GfMW.jpg','2024-10-27 11:55:08'),(185,15,'https://cdn2.thecatapi.com/images/Z9zxhFVdw.jpg','2024-10-27 11:55:08'),(186,21,'https://cdn2.thecatapi.com/images/Sy9SgPE0B.jpg','2024-02-12 20:37:24'),(187,21,'https://cdn2.thecatapi.com/images/aB3eTwbRQ.jpg','2024-02-12 20:37:24'),(188,21,'https://cdn2.thecatapi.com/images/ILx2VfmiR.jpg','2024-02-12 20:37:24'),(189,21,'https://cdn2.thecatapi.com/images/3XUcuC9fj.jpg','2024-02-12 20:37:24'),(190,21,'https://cdn2.thecatapi.com/images/xPkUTg4-N.jpg','2024-02-12 20:37:24'),(191,21,'https://cdn2.thecatapi.com/images/3b2FeMj3s.jpg','2024-02-12 20:37:24'),(192,24,'https://cdn2.thecatapi.com/images/aAf-WmnRl.jpg','2021-07-05 13:51:22'),(193,24,'https://cdn2.thecatapi.com/images/lOl0J96On.jpg','2021-07-05 13:51:22'),(194,24,'https://cdn2.thecatapi.com/images/1nOZPY4uI.jpg','2021-07-05 13:51:22'),(195,24,'https://cdn2.thecatapi.com/images/BDMOZo668.jpg','2021-07-05 13:51:22'),(196,24,'https://cdn2.thecatapi.com/images/Il3qBc63U.jpg','2021-07-05 13:51:22'),(197,24,'https://cdn2.thecatapi.com/images/ohy1YBZtD.png','2021-07-05 13:51:22'),(198,25,'https://cdn2.thecatapi.com/images/sNSYauLG8.jpg','2020-03-04 16:40:32'),(199,25,'https://cdn2.thecatapi.com/images/LzVDEMYIv.jpg','2020-03-04 16:40:32'),(200,25,'https://cdn2.thecatapi.com/images/7pCnjXd47.jpg','2020-03-04 16:40:32'),(201,25,'https://cdn2.thecatapi.com/images/y9e6zClik.jpg','2020-03-04 16:40:32'),(202,25,'https://cdn2.thecatapi.com/images/xIICfnlNm.jpg','2020-03-04 16:40:32'),(203,25,'https://cdn2.thecatapi.com/images/0SxW2SQ_S.jpg','2020-03-04 16:40:32'),(204,26,'https://cdn2.thecatapi.com/images/bTo6m3PVg.jpg','2021-11-01 15:54:40'),(205,26,'https://cdn2.thecatapi.com/images/kxUakBB2o.jpg','2021-11-01 15:54:40'),(206,26,'https://cdn2.thecatapi.com/images/Q6TDnfM_O.jpg','2021-11-01 15:54:40'),(207,26,'https://cdn2.thecatapi.com/images/8D--jCd21.jpg','2021-11-01 15:54:40'),(208,27,'https://cdn2.thecatapi.com/images/kOAHCDEzA.jpg','2023-08-07 07:32:52'),(209,27,'https://cdn2.thecatapi.com/images/unX21IBVB.jpg','2023-08-07 07:32:52'),(210,27,'https://cdn2.thecatapi.com/images/gMjW5RYB0.jpg','2023-08-07 07:32:52'),(211,27,'https://cdn2.thecatapi.com/images/XcoqcsVzT.jpg','2023-08-07 07:32:52'),(212,27,'https://cdn2.thecatapi.com/images/yqcbOxkWK.jpg','2023-08-07 07:32:52'),(213,27,'https://cdn2.thecatapi.com/images/_I6AsfuMg.png','2023-08-07 07:32:52'),(214,28,'https://cdn2.thecatapi.com/images/z_k-oJ8xG.jpg','2023-01-09 06:03:25'),(215,28,'https://cdn2.thecatapi.com/images/m1TeHn2dH.jpg','2023-01-09 06:03:25'),(216,28,'https://cdn2.thecatapi.com/images/cZHbIzC_l.jpg','2023-01-09 06:03:25'),(217,28,'https://cdn2.thecatapi.com/images/zlpgGWqN7.jpg','2023-01-09 06:03:25'),(218,28,'https://cdn2.thecatapi.com/images/k71ULYfRr.jpg','2023-01-09 06:03:25'),(219,28,'https://cdn2.thecatapi.com/images/mnD88Lsjd.jpg','2023-01-09 06:03:25'),(220,30,'https://cdn2.thecatapi.com/images/udJaUVCHZ.jpg','2021-01-28 08:50:12'),(221,30,'https://cdn2.thecatapi.com/images/4RzEwvyzz.png','2021-01-28 08:50:12'),(222,30,'https://cdn2.thecatapi.com/images/LT13Rnq3P.jpg','2021-01-28 08:50:12'),(223,30,'https://cdn2.thecatapi.com/images/yFwzO96ds.jpg','2021-01-28 08:50:12'),(224,30,'https://cdn2.thecatapi.com/images/_BhPUA-L-.jpg','2021-01-28 08:50:12'),(225,30,'https://cdn2.thecatapi.com/images/hTswm_D5S.jpg','2021-01-28 08:50:12'),(226,31,'https://cdn2.thecatapi.com/images/_6x-3TiCA.jpg','2020-12-08 03:47:57'),(227,31,'https://cdn2.thecatapi.com/images/weHGBmpb0.jpg','2020-12-08 03:47:57'),(228,31,'https://cdn2.thecatapi.com/images/7-1CtKMRr.jpg','2020-12-08 03:47:57'),(229,31,'https://cdn2.thecatapi.com/images/zTiuUpmqf.jpg','2020-12-08 03:47:57'),(230,34,'https://cdn2.thecatapi.com/images/PN0d8Zqg7.jpg','2020-02-01 03:40:05'),(231,34,'https://cdn2.thecatapi.com/images/R68eywp-W.jpg','2020-02-01 03:40:05'),(232,34,'https://cdn2.thecatapi.com/images/86jwAC0vv.jpg','2020-02-01 03:40:05'),(233,34,'https://cdn2.thecatapi.com/images/StMwZZnDP.jpg','2020-02-01 03:40:05'),(234,34,'https://cdn2.thecatapi.com/images/VwGK1QO3m.jpg','2020-02-01 03:40:05'),(235,34,'https://cdn2.thecatapi.com/images/CrZtoDsgj.jpg','2020-02-01 03:40:05'),(236,35,'https://cdn2.thecatapi.com/images/fWbeAxpQH.jpg','2024-03-27 17:11:55'),(237,35,'https://cdn2.thecatapi.com/images/j8Z2_Alac.jpg','2024-03-27 17:11:55'),(238,35,'https://cdn2.thecatapi.com/images/P-Zyb-4BZ.jpg','2024-03-27 17:11:55'),(239,35,'https://cdn2.thecatapi.com/images/PgUVo_1n4.jpg','2024-03-27 17:11:55'),(240,35,'https://cdn2.thecatapi.com/images/tZYP8bcem.jpg','2024-03-27 17:11:55'),(241,35,'https://cdn2.thecatapi.com/images/O1X8xKt_H.jpg','2024-03-27 17:11:55'),(242,40,'https://cdn2.thecatapi.com/images/xNuSF5YWY.jpg','2020-09-20 01:57:42'),(243,40,'https://cdn2.thecatapi.com/images/N8bl5RjPG.jpg','2020-09-20 01:57:42'),(244,40,'https://cdn2.thecatapi.com/images/nJsljkalm.jpg','2020-09-20 01:57:42'),(245,40,'https://cdn2.thecatapi.com/images/2b2pFY0-t.jpg','2020-09-20 01:57:42'),(246,40,'https://cdn2.thecatapi.com/images/v104en-YP.jpg','2020-09-20 01:57:42'),(247,40,'https://cdn2.thecatapi.com/images/4QlywK9_Y.jpg','2020-09-20 01:57:42'),(248,42,'https://cdn2.thecatapi.com/images/B1ERTmgph.jpg','2024-09-30 21:56:35'),(249,44,'https://cdn2.thecatapi.com/images/yFqH0s2H_.jpg','2023-05-02 01:05:10'),(250,44,'https://cdn2.thecatapi.com/images/uk0SrrBbQ.jpg','2023-05-02 01:05:10'),(251,44,'https://cdn2.thecatapi.com/images/gLh13vDBk.jpg','2023-05-02 01:05:10'),(252,44,'https://cdn2.thecatapi.com/images/D2J3R7sUq.jpg','2023-05-02 01:05:10'),(253,44,'https://cdn2.thecatapi.com/images/gVzbbInLF.jpg','2023-05-02 01:05:10'),(254,44,'https://cdn2.thecatapi.com/images/j5cVSqLer.jpg','2023-05-02 01:05:10'),(255,45,'https://cdn2.thecatapi.com/images/Mt-cUeiUY.jpg','2022-09-10 04:53:46'),(256,45,'https://cdn2.thecatapi.com/images/6y4uxeRjW.jpg','2022-09-10 04:53:46'),(257,45,'https://cdn2.thecatapi.com/images/jVu6K43F7.jpg','2022-09-10 04:53:46'),(258,45,'https://cdn2.thecatapi.com/images/LutjkZJpH.jpg','2022-09-10 04:53:46'),(259,45,'https://cdn2.thecatapi.com/images/IOetZNghN.jpg','2022-09-10 04:53:46'),(260,45,'https://cdn2.thecatapi.com/images/O7FnoegHR.jpg','2022-09-10 04:53:46'),(261,46,'https://cdn2.thecatapi.com/images/Rhj-JsTLP.jpg','2022-11-28 12:50:15'),(262,46,'https://cdn2.thecatapi.com/images/zK-7AFYVn.jpg','2022-11-28 12:50:15'),(263,46,'https://cdn2.thecatapi.com/images/ErPMMvcv2.jpg','2022-11-28 12:50:15'),(264,46,'https://cdn2.thecatapi.com/images/2bPsrIcp-.jpg','2022-11-28 12:50:15'),(265,46,'https://cdn2.thecatapi.com/images/Rgf43IlSd.jpg','2022-11-28 12:50:15'),(266,46,'https://cdn2.thecatapi.com/images/LXgmee2q_.jpg','2022-11-28 12:50:15'),(267,48,'https://cdn2.thecatapi.com/images/8pCFG7gCV.jpg','2020-03-09 05:47:58'),(268,48,'https://cdn2.thecatapi.com/images/8ciqdpaO5.jpg','2020-03-09 05:47:58'),(269,48,'https://cdn2.thecatapi.com/images/O3btzLlsO.png','2020-03-09 05:47:58'),(270,48,'https://cdn2.thecatapi.com/images/dN6eoeLjY.jpg','2020-03-09 05:47:58'),(271,48,'https://cdn2.thecatapi.com/images/NwMUoJYmT.jpg','2020-03-09 05:47:58'),(272,48,'https://cdn2.thecatapi.com/images/udZiLDG_E.jpg','2020-03-09 05:47:58'),(273,49,'https://cdn2.thecatapi.com/images/TOozwr2OD.jpg','2022-08-27 15:41:57'),(274,49,'https://cdn2.thecatapi.com/images/UrYSVFQZo.jpg','2022-08-27 15:41:57'),(275,49,'https://cdn2.thecatapi.com/images/IboDUkK8K.jpg','2022-08-27 15:41:57'),(276,49,'https://cdn2.thecatapi.com/images/JQMGbOP3q.jpg','2022-08-27 15:41:57'),(277,49,'https://cdn2.thecatapi.com/images/o9t0LDcsa.jpg','2022-08-27 15:41:57'),(278,49,'https://cdn2.thecatapi.com/images/ng1DD91yy.jpg','2022-08-27 15:41:57'),(279,53,'https://cdn2.thecatapi.com/images/bYlsJYWKg.jpg','2020-08-10 05:45:09'),(280,53,'https://cdn2.thecatapi.com/images/VGzO6r82_.jpg','2020-08-10 05:45:09'),(281,53,'https://cdn2.thecatapi.com/images/6jbkliQh5.jpg','2020-08-10 05:45:09'),(282,53,'https://cdn2.thecatapi.com/images/0THCGrAZj.jpg','2020-08-10 05:45:09'),(283,53,'https://cdn2.thecatapi.com/images/YoFolZlv5.jpg','2020-08-10 05:45:09'),(284,53,'https://cdn2.thecatapi.com/images/OeOUzmQIk.jpg','2020-08-10 05:45:09'),(285,55,'https://cdn2.thecatapi.com/images/DYOqsRy9f.jpg','2020-02-23 02:00:04'),(286,55,'https://cdn2.thecatapi.com/images/WE47Mw166.jpg','2020-02-23 02:00:04'),(287,55,'https://cdn2.thecatapi.com/images/DVWNJ5WIr.jpg','2020-02-23 02:00:04'),(288,55,'https://cdn2.thecatapi.com/images/xTo8K7wb3.jpg','2020-02-23 02:00:04'),(289,55,'https://cdn2.thecatapi.com/images/58mi0uCwO.jpg','2020-02-23 02:00:04'),(290,55,'https://cdn2.thecatapi.com/images/ZGoY_Ivly.jpg','2020-02-23 02:00:04'),(291,56,'https://cdn2.thecatapi.com/images/KWVenr3Pq.jpg','2023-07-04 20:33:48'),(292,56,'https://cdn2.thecatapi.com/images/3KG57GfMW.jpg','2023-07-04 20:33:48'),(293,56,'https://cdn2.thecatapi.com/images/Z9zxhFVdw.jpg','2023-07-04 20:33:48'),(294,62,'https://cdn2.thecatapi.com/images/aAf-WmnRl.jpg','2020-04-21 16:07:18'),(295,62,'https://cdn2.thecatapi.com/images/1nOZPY4uI.jpg','2020-04-21 16:07:18'),(296,62,'https://cdn2.thecatapi.com/images/oSpqGyUDS.jpg','2020-04-21 16:07:18'),(297,62,'https://cdn2.thecatapi.com/images/Il3qBc63U.jpg','2020-04-21 16:07:18'),(298,62,'https://cdn2.thecatapi.com/images/yUhSG7Vv7.jpg','2020-04-21 16:07:18'),(299,62,'https://cdn2.thecatapi.com/images/ohy1YBZtD.png','2020-04-21 16:07:18'),(300,63,'https://cdn2.thecatapi.com/images/o81wWm6-Z.jpg','2022-06-16 03:21:31'),(301,63,'https://cdn2.thecatapi.com/images/bAiN3T-rs.jpg','2022-06-16 03:21:31'),(302,63,'https://cdn2.thecatapi.com/images/DmP9GCClC.jpg','2022-06-16 03:21:31'),(303,63,'https://cdn2.thecatapi.com/images/jdccz3ngk.jpg','2022-06-16 03:21:31'),(304,63,'https://cdn2.thecatapi.com/images/unX21IBVB.jpg','2022-06-16 03:21:31'),(305,63,'https://cdn2.thecatapi.com/images/_I6AsfuMg.png','2022-06-16 03:21:31'),(306,64,'https://cdn2.thecatapi.com/images/uUGt0UBzF.jpg','2023-04-10 10:02:43'),(307,64,'https://cdn2.thecatapi.com/images/jnqO9lwG2.jpg','2023-04-10 10:02:43'),(308,64,'https://cdn2.thecatapi.com/images/udJaUVCHZ.jpg','2023-04-10 10:02:43'),(309,64,'https://cdn2.thecatapi.com/images/4RzEwvyzz.png','2023-04-10 10:02:43'),(310,64,'https://cdn2.thecatapi.com/images/LT13Rnq3P.jpg','2023-04-10 10:02:43'),(311,64,'https://cdn2.thecatapi.com/images/hTswm_D5S.jpg','2023-04-10 10:02:43'),(312,65,'https://cdn2.thecatapi.com/images/2LEN_GHmx.jpg','2021-07-02 00:42:52'),(313,65,'https://cdn2.thecatapi.com/images/C0BNiXO0T.jpg','2021-07-02 00:42:52'),(314,65,'https://cdn2.thecatapi.com/images/dn4GBRons.jpg','2021-07-02 00:42:52'),(315,65,'https://cdn2.thecatapi.com/images/XLLAS_R9F.jpg','2021-07-02 00:42:52'),(316,65,'https://cdn2.thecatapi.com/images/HOrX5gwLS.jpg','2021-07-02 00:42:52'),(317,65,'https://cdn2.thecatapi.com/images/qg0_IodJp.png','2021-07-02 00:42:52'),(318,70,'https://cdn2.thecatapi.com/images/MmiojCuKC.jpg','2021-02-15 09:21:37'),(319,70,'https://cdn2.thecatapi.com/images/PoZIVJ124.jpg','2021-02-15 09:21:37'),(320,70,'https://cdn2.thecatapi.com/images/LIQSvUemz.jpg','2021-02-15 09:21:37'),(321,70,'https://cdn2.thecatapi.com/images/3ZLqhbgiw.jpg','2021-02-15 09:21:37'),(322,70,'https://cdn2.thecatapi.com/images/O-57OLhn7.jpg','2021-02-15 09:21:37'),(323,70,'https://cdn2.thecatapi.com/images/3IWhPRL3a.jpg','2021-02-15 09:21:37'),(324,73,'https://cdn2.thecatapi.com/images/y0wAin0Ei.jpg','2024-11-18 20:21:40'),(325,73,'https://cdn2.thecatapi.com/images/3XUcuC9fj.jpg','2024-11-18 20:21:40'),(326,73,'https://cdn2.thecatapi.com/images/xPkUTg4-N.jpg','2024-11-18 20:21:40'),(327,73,'https://cdn2.thecatapi.com/images/zgVRo2pWV.jpg','2024-11-18 20:21:40'),(328,73,'https://cdn2.thecatapi.com/images/b2NdzJ36K.jpg','2024-11-18 20:21:40'),(329,73,'https://cdn2.thecatapi.com/images/80kGxlgR1.jpg','2024-11-18 20:21:40'),(330,74,'https://cdn2.thecatapi.com/images/PN0d8Zqg7.jpg','2024-04-03 05:25:02'),(331,74,'https://cdn2.thecatapi.com/images/R68eywp-W.jpg','2024-04-03 05:25:02'),(332,74,'https://cdn2.thecatapi.com/images/Sw_EWWLW-.jpg','2024-04-03 05:25:02'),(333,74,'https://cdn2.thecatapi.com/images/VwGK1QO3m.jpg','2024-04-03 05:25:02'),(334,74,'https://cdn2.thecatapi.com/images/RfdGhgEf3.jpg','2024-04-03 05:25:02'),(335,74,'https://cdn2.thecatapi.com/images/CrZtoDsgj.jpg','2024-04-03 05:25:02'),(336,75,'https://cdn2.thecatapi.com/images/PlvdElgfk.jpg','2020-10-20 13:56:01'),(337,75,'https://cdn2.thecatapi.com/images/bqTGCEECv.jpg','2020-10-20 13:56:01'),(338,75,'https://cdn2.thecatapi.com/images/7pCnjXd47.jpg','2020-10-20 13:56:01'),(339,75,'https://cdn2.thecatapi.com/images/Yt4_Z0aDC.jpg','2020-10-20 13:56:01'),(340,75,'https://cdn2.thecatapi.com/images/xIICfnlNm.jpg','2020-10-20 13:56:01'),(341,75,'https://cdn2.thecatapi.com/images/7_rjG2-pc.jpg','2020-10-20 13:56:01'),(342,77,'https://cdn2.thecatapi.com/images/BkksyH95Z.jpg','2024-06-23 01:44:52'),(343,77,'https://cdn2.thecatapi.com/images/5iYq9NmT1.jpg','2024-06-23 01:44:52'),(344,77,'https://cdn2.thecatapi.com/images/Bc0CMLOjz.jpg','2024-06-23 01:44:52'),(345,77,'https://cdn2.thecatapi.com/images/aZii7hC77.jpg','2024-06-23 01:44:52'),(346,77,'https://cdn2.thecatapi.com/images/Z6mrcccZv.jpg','2024-06-23 01:44:52'),(347,82,'https://cdn2.thecatapi.com/images/7isAO4Cav.jpg','2025-04-21 11:10:27'),(348,82,'https://cdn2.thecatapi.com/images/YZGOUtRQ1.jpg','2025-04-21 11:10:27'),(349,82,'https://cdn2.thecatapi.com/images/laq3GvUgh.jpg','2025-04-21 11:10:27'),(350,82,'https://cdn2.thecatapi.com/images/re7uO34hz.jpg','2025-04-21 11:10:27'),(351,82,'https://cdn2.thecatapi.com/images/xplMlG1PT.jpg','2025-04-21 11:10:27'),(352,82,'https://cdn2.thecatapi.com/images/i-j1kCi3b.jpg','2025-04-21 11:10:27'),(353,83,'https://cdn2.thecatapi.com/images/fWbeAxpQH.jpg','2025-03-24 21:19:57'),(354,83,'https://cdn2.thecatapi.com/images/xoI_EpOKe.jpg','2025-03-24 21:19:57'),(355,83,'https://cdn2.thecatapi.com/images/PgUVo_1n4.jpg','2025-03-24 21:19:57'),(356,83,'https://cdn2.thecatapi.com/images/tZYP8bcem.jpg','2025-03-24 21:19:57'),(357,83,'https://cdn2.thecatapi.com/images/us5eEBouq.jpg','2025-03-24 21:19:57'),(358,83,'https://cdn2.thecatapi.com/images/u0xeq3HjW.jpg','2025-03-24 21:19:57'),(359,84,'https://cdn2.thecatapi.com/images/92D9NZLs0.jpg','2020-03-17 11:25:01'),(360,84,'https://cdn2.thecatapi.com/images/4lXnnfxac.jpg','2020-03-17 11:25:01'),(361,84,'https://cdn2.thecatapi.com/images/hj7Oh-SRY.jpg','2020-03-17 11:25:01'),(362,84,'https://cdn2.thecatapi.com/images/Mdr6QqID0.jpg','2020-03-17 11:25:01'),(363,85,'https://cdn2.thecatapi.com/images/r530zDuJU.jpg','2023-10-05 20:49:42'),(364,85,'https://cdn2.thecatapi.com/images/jvg3XfEdC.jpg','2023-10-05 20:49:42'),(365,85,'https://cdn2.thecatapi.com/images/3Wjx1Tq7X.jpg','2023-10-05 20:49:42'),(366,85,'https://cdn2.thecatapi.com/images/wgoLPWPZQ.jpg','2023-10-05 20:49:42'),(367,85,'https://cdn2.thecatapi.com/images/J4Jv10E7O.jpg','2023-10-05 20:49:42'),(368,85,'https://cdn2.thecatapi.com/images/p2U4ZXgKL.jpg','2023-10-05 20:49:42'),(369,88,'https://cdn2.thecatapi.com/images/INXwfT_cp.jpg','2020-01-05 14:45:17'),(370,88,'https://cdn2.thecatapi.com/images/E4j4aBDx9.jpg','2020-01-05 14:45:17'),(371,88,'https://cdn2.thecatapi.com/images/TR-5nAd_S.jpg','2020-01-05 14:45:17'),(372,88,'https://cdn2.thecatapi.com/images/XAvnPwmqZ.jpg','2020-01-05 14:45:17'),(373,93,'https://cdn2.thecatapi.com/images/njaF1fyqI.jpg','2022-07-16 13:26:32'),(374,93,'https://cdn2.thecatapi.com/images/a1g4Ycw-z.jpg','2022-07-16 13:26:32'),(375,93,'https://cdn2.thecatapi.com/images/yFqH0s2H_.jpg','2022-07-16 13:26:32'),(376,93,'https://cdn2.thecatapi.com/images/DZba-eH_4.jpg','2022-07-16 13:26:32'),(377,93,'https://cdn2.thecatapi.com/images/106hayhS4.jpg','2022-07-16 13:26:32'),(378,93,'https://cdn2.thecatapi.com/images/kSL4yIF2D.jpg','2022-07-16 13:26:32'),(379,94,'https://cdn2.thecatapi.com/images/9FEol9vDh.jpg','2022-11-22 00:24:28'),(380,94,'https://cdn2.thecatapi.com/images/U3nsHnCXU.jpg','2022-11-22 00:24:28'),(381,94,'https://cdn2.thecatapi.com/images/rWWY0_rWU.jpg','2022-11-22 00:24:28'),(382,94,'https://cdn2.thecatapi.com/images/jVu6K43F7.jpg','2022-11-22 00:24:28'),(383,94,'https://cdn2.thecatapi.com/images/LutjkZJpH.jpg','2022-11-22 00:24:28'),(384,94,'https://cdn2.thecatapi.com/images/O7FnoegHR.jpg','2022-11-22 00:24:28'),(385,98,'https://cdn2.thecatapi.com/images/Y4YIOqGKb.jpg','2022-02-13 15:31:11'),(386,98,'https://cdn2.thecatapi.com/images/iY76694gN.jpg','2022-02-13 15:31:11'),(387,98,'https://cdn2.thecatapi.com/images/ZSV_8HqoS.jpg','2022-02-13 15:31:11'),(388,98,'https://cdn2.thecatapi.com/images/OUZlUVIco.jpg','2022-02-13 15:31:11'),(389,98,'https://cdn2.thecatapi.com/images/EYtB_5RrB.jpg','2022-02-13 15:31:11'),(390,98,'https://cdn2.thecatapi.com/images/8cXEkQQwc.jpg','2022-02-13 15:31:11'),(391,99,'https://cdn2.thecatapi.com/images/DdmsQrCAv.jpg','2022-06-11 12:00:53'),(392,99,'https://cdn2.thecatapi.com/images/zK-7AFYVn.jpg','2022-06-11 12:00:53'),(393,99,'https://cdn2.thecatapi.com/images/4B7MJpywg.jpg','2022-06-11 12:00:53'),(394,99,'https://cdn2.thecatapi.com/images/ErPMMvcv2.jpg','2022-06-11 12:00:53'),(395,99,'https://cdn2.thecatapi.com/images/2bPsrIcp-.jpg','2022-06-11 12:00:53'),(396,99,'https://cdn2.thecatapi.com/images/S-1YzA7-_.jpg','2022-06-11 12:00:53'),(397,100,'https://cdn2.thecatapi.com/images/cPDuEX5tZ.jpg','2023-06-11 16:02:47'),(398,100,'https://cdn2.thecatapi.com/images/r0s90j0I8.jpg','2023-06-11 16:02:47'),(399,100,'https://cdn2.thecatapi.com/images/ZaZwqFsgj.jpg','2023-06-11 16:02:47'),(400,100,'https://cdn2.thecatapi.com/images/VT9NOyJqk.jpg','2023-06-11 16:02:47'),(401,100,'https://cdn2.thecatapi.com/images/zly78vxmW.jpg','2023-06-11 16:02:47'),(402,100,'https://cdn2.thecatapi.com/images/KLpZzAE_a.jpg','2023-06-11 16:02:47'),(403,102,'https://cdn2.thecatapi.com/images/hd-zs3918.jpg','2023-02-25 08:26:54'),(404,102,'https://cdn2.thecatapi.com/images/IOqJ6RK7L.jpg','2023-02-25 08:26:54'),(405,102,'https://cdn2.thecatapi.com/images/UrYSVFQZo.jpg','2023-02-25 08:26:54'),(406,102,'https://cdn2.thecatapi.com/images/6xLEBwiUS.png','2023-02-25 08:26:54'),(407,102,'https://cdn2.thecatapi.com/images/st1MHwYbH.jpg','2023-02-25 08:26:54'),(408,102,'https://cdn2.thecatapi.com/images/ng1DD91yy.jpg','2023-02-25 08:26:54'),(409,107,'https://cdn2.thecatapi.com/images/djnExlK9y.jpg','2025-02-18 10:11:36'),(410,107,'https://cdn2.thecatapi.com/images/L-aDi29wP.jpg','2025-02-18 10:11:36'),(411,107,'https://cdn2.thecatapi.com/images/mNOdlAkXR.jpg','2025-02-18 10:11:36'),(412,107,'https://cdn2.thecatapi.com/images/U-B3L9JWm.jpg','2025-02-18 10:11:36'),(413,107,'https://cdn2.thecatapi.com/images/LX9uvE3dl.jpg','2025-02-18 10:11:36'),(414,107,'https://cdn2.thecatapi.com/images/EhOq2RbaI.jpg','2025-02-18 10:11:36'),(415,109,'https://cdn2.thecatapi.com/images/_PH33O5FA.jpg','2023-08-11 00:46:15'),(416,109,'https://cdn2.thecatapi.com/images/bYlsJYWKg.jpg','2023-08-11 00:46:15'),(417,109,'https://cdn2.thecatapi.com/images/6jbkliQh5.jpg','2023-08-11 00:46:15'),(418,109,'https://cdn2.thecatapi.com/images/JBkP_EJm9.jpg','2023-08-11 00:46:15'),(419,109,'https://cdn2.thecatapi.com/images/YoFolZlv5.jpg','2023-08-11 00:46:15'),(420,109,'https://cdn2.thecatapi.com/images/Qtncp2nRe.jpg','2023-08-11 00:46:15'),(421,111,'https://cdn2.thecatapi.com/images/WXcD6qZEn.jpg','2020-03-10 15:32:02'),(422,111,'https://cdn2.thecatapi.com/images/OLP-tyC2i.jpg','2020-03-10 15:32:02'),(423,111,'https://cdn2.thecatapi.com/images/GQ61BDToD.jpg','2020-03-10 15:32:02'),(424,111,'https://cdn2.thecatapi.com/images/-y_6SBPrw.jpg','2020-03-10 15:32:02'),(425,111,'https://cdn2.thecatapi.com/images/CKVhCI0bz.jpg','2020-03-10 15:32:02'),(426,111,'https://cdn2.thecatapi.com/images/lF3ZTucYp.jpg','2020-03-10 15:32:02'),(427,113,'https://cdn2.thecatapi.com/images/c1OwKLEdL.jpg','2025-04-21 23:27:07'),(428,113,'https://cdn2.thecatapi.com/images/58mi0uCwO.jpg','2025-04-21 23:27:07'),(429,113,'https://cdn2.thecatapi.com/images/cSzaNCgq2.jpg','2025-04-21 23:27:07'),(430,113,'https://cdn2.thecatapi.com/images/KU_LUntSX.jpg','2025-04-21 23:27:07'),(431,113,'https://cdn2.thecatapi.com/images/Vkc_4BECE.jpg','2025-04-21 23:27:07'),(432,113,'https://cdn2.thecatapi.com/images/Yx3nQTUHu.jpg','2025-04-21 23:27:07'),(433,115,'https://cdn2.thecatapi.com/images/S97Qj5YYO.jpg','2023-07-21 07:22:26'),(434,115,'https://cdn2.thecatapi.com/images/tJbzb7FKo.jpg','2023-07-21 07:22:26'),(435,115,'https://cdn2.thecatapi.com/images/cruhNBsv1.jpg','2023-07-21 07:22:26'),(436,115,'https://cdn2.thecatapi.com/images/_PEqOH17A.jpg','2023-07-21 07:22:26'),(437,116,'https://cdn2.thecatapi.com/images/DUxU01IY5.jpg','2023-10-22 12:01:37'),(438,116,'https://cdn2.thecatapi.com/images/KrDYENsA3.jpg','2023-10-22 12:01:37'),(439,116,'https://cdn2.thecatapi.com/images/BQMSld0A0.jpg','2023-10-22 12:01:37'),(440,116,'https://cdn2.thecatapi.com/images/xYLoht4o_.jpg','2023-10-22 12:01:37'),(441,116,'https://cdn2.thecatapi.com/images/POPfuPq8t.jpg','2023-10-22 12:01:37'),(442,116,'https://cdn2.thecatapi.com/images/mjeF1hs8v.jpg','2023-10-22 12:01:37'),(443,119,'https://cdn2.thecatapi.com/images/Y2MO5GWHO.jpg','2020-07-03 01:01:29'),(444,119,'https://cdn2.thecatapi.com/images/BZ59tdOo6.jpg','2020-07-03 01:01:29'),(445,119,'https://cdn2.thecatapi.com/images/uygraw0_D.jpg','2020-07-03 01:01:29'),(446,119,'https://cdn2.thecatapi.com/images/EzYYrmFp7.jpg','2020-07-03 01:01:29'),(447,119,'https://cdn2.thecatapi.com/images/AH61b9ziS.jpg','2020-07-03 01:01:29'),(448,119,'https://cdn2.thecatapi.com/images/4_AdeyZUv.jpg','2020-07-03 01:01:29'),(449,121,'https://cdn2.thecatapi.com/images/DZzcGANt5.jpg','2025-01-29 22:46:19'),(450,121,'https://cdn2.thecatapi.com/images/d8sbdRtLJ.jpg','2025-01-29 22:46:19'),(451,121,'https://cdn2.thecatapi.com/images/5hmYjVhib.jpg','2025-01-29 22:46:19'),(452,121,'https://cdn2.thecatapi.com/images/YOjBThApG.jpg','2025-01-29 22:46:19'),(453,121,'https://cdn2.thecatapi.com/images/ATYs2BetM.jpg','2025-01-29 22:46:19'),(454,121,'https://cdn2.thecatapi.com/images/pK_t-KYIi.jpg','2025-01-29 22:46:19'),(455,126,'https://cdn2.thecatapi.com/images/1u9NDHybY.jpg','2022-09-20 10:59:26'),(456,126,'https://cdn2.thecatapi.com/images/m3V8x5tde.jpg','2022-09-20 10:59:26'),(457,126,'https://cdn2.thecatapi.com/images/4qG-5FC0J.jpg','2022-09-20 10:59:26'),(458,126,'https://cdn2.thecatapi.com/images/veRAgVH2-.jpg','2022-09-20 10:59:26'),(459,126,'https://cdn2.thecatapi.com/images/apl8POz9w.jpg','2022-09-20 10:59:26'),(460,126,'https://cdn2.thecatapi.com/images/YyLhgyzy5.jpg','2022-09-20 10:59:26'),(461,129,'https://cdn2.thecatapi.com/images/njK25knLH.jpg','2022-08-20 05:25:57'),(462,129,'https://cdn2.thecatapi.com/images/gQggWSR5I.jpg','2022-08-20 05:25:57'),(463,129,'https://cdn2.thecatapi.com/images/iFH9iWpDg.jpg','2022-08-20 05:25:57'),(464,129,'https://cdn2.thecatapi.com/images/L6d7rFyt1.jpg','2022-08-20 05:25:57'),(465,129,'https://cdn2.thecatapi.com/images/wWZPyq5Jm.jpg','2022-08-20 05:25:57'),(466,129,'https://cdn2.thecatapi.com/images/eJUcA5Wt-.jpg','2022-08-20 05:25:57'),(467,130,'https://cdn2.thecatapi.com/images/kg7nc0poR.jpg','2023-08-07 04:50:42'),(468,130,'https://cdn2.thecatapi.com/images/ajWdNxBwN.jpg','2023-08-07 04:50:42'),(469,130,'https://cdn2.thecatapi.com/images/PG-4j7axo.jpg','2023-08-07 04:50:42'),(470,130,'https://cdn2.thecatapi.com/images/rYChTf8ab.jpg','2023-08-07 04:50:42'),(471,130,'https://cdn2.thecatapi.com/images/TdxQ2VvJK.jpg','2023-08-07 04:50:42'),(472,130,'https://cdn2.thecatapi.com/images/hYG6uIRWL.jpg','2023-08-07 04:50:42'),(473,141,'https://cdn2.thecatapi.com/images/165ok6ESN.jpg','2020-10-07 12:19:49'),(474,141,'https://cdn2.thecatapi.com/images/iyFN2mF8l.jpg','2020-10-07 12:19:49'),(475,142,'https://cdn2.thecatapi.com/images/1TcC-kiI1.jpg','2021-11-21 10:16:46'),(476,142,'https://cdn2.thecatapi.com/images/k8T7xGG5O.jpg','2021-11-21 10:16:46'),(477,142,'https://cdn2.thecatapi.com/images/CWGNkdpA7.jpg','2021-11-21 10:16:46'),(478,142,'https://cdn2.thecatapi.com/images/BbsNPAeop.jpg','2021-11-21 10:16:46'),(479,142,'https://cdn2.thecatapi.com/images/OfIuuOv07.jpg','2021-11-21 10:16:46'),(480,142,'https://cdn2.thecatapi.com/images/DbwiefiaY.png','2021-11-21 10:16:46'),(481,150,'https://cdn2.thecatapi.com/images/NZpO4pU56M.jpg','2022-10-26 14:43:18'),(482,151,'https://cdn2.thecatapi.com/images/fA-hvyvz1.jpg','2021-11-20 06:04:18'),(483,151,'https://cdn2.thecatapi.com/images/-d7GY-cPZ.jpg','2021-11-20 06:04:18'),(484,151,'https://cdn2.thecatapi.com/images/ujxcyomIQ.jpg','2021-11-20 06:04:18'),(485,151,'https://cdn2.thecatapi.com/images/VuxDCG8hV.jpg','2021-11-20 06:04:18'),(486,151,'https://cdn2.thecatapi.com/images/MxaS9brW9.jpg','2021-11-20 06:04:18'),(487,151,'https://cdn2.thecatapi.com/images/aKbsEYjSl.jpg','2021-11-20 06:04:18');
/*!40000 ALTER TABLE `patitas_mascotas_imagenes` ENABLE KEYS */;

--
-- Table structure for table `patitas_mensajes`
--

DROP TABLE IF EXISTS `patitas_mensajes`;
/*!40101 SET @saved_cs_client     = @@character_set_client */;
/*!50503 SET character_set_client = utf8mb4 */;
CREATE TABLE `patitas_mensajes` (
  `id` int NOT NULL AUTO_INCREMENT,
  `remitente_tipo` enum('dueno','cuidador') COLLATE utf8mb4_general_ci DEFAULT NULL,
  `remitente_id` int DEFAULT NULL,
  `destinatario_tipo` enum('dueno','cuidador') COLLATE utf8mb4_general_ci DEFAULT NULL,
  `destinatario_id` int DEFAULT NULL,
  `mensaje` text COLLATE utf8mb4_general_ci,
  `fecha_envio` timestamp NULL DEFAULT CURRENT_TIMESTAMP,
  PRIMARY KEY (`id`)
) ENGINE=InnoDB DEFAULT CHARSET=utf8mb4 COLLATE=utf8mb4_general_ci;
/*!40101 SET character_set_client = @saved_cs_client */;

--
-- Dumping data for table `patitas_mensajes`
--

/*!40000 ALTER TABLE `patitas_mensajes` DISABLE KEYS */;
/*!40000 ALTER TABLE `patitas_mensajes` ENABLE KEYS */;

--
-- Table structure for table `patitas_resenas`
--

DROP TABLE IF EXISTS `patitas_resenas`;
/*!40101 SET @saved_cs_client     = @@character_set_client */;
/*!50503 SET character_set_client = utf8mb4 */;
CREATE TABLE `patitas_resenas` (
  `id` int NOT NULL AUTO_INCREMENT,
  `reserva_id` int DEFAULT NULL,
  `duenio_id` int DEFAULT NULL,
  `cuidador_id` int DEFAULT NULL,
  `calificacion` int DEFAULT NULL,
  `comentario` text COLLATE utf8mb4_general_ci,
  `fecha_resena` timestamp NULL DEFAULT CURRENT_TIMESTAMP,
  PRIMARY KEY (`id`),
  KEY `reserva_id` (`reserva_id`),
  KEY `duenio_id` (`duenio_id`),
  KEY `cuidador_id` (`cuidador_id`),
  CONSTRAINT `patitas_resenas_ibfk_1` FOREIGN KEY (`reserva_id`) REFERENCES `patitas_reservas` (`id`),
  CONSTRAINT `patitas_resenas_ibfk_2` FOREIGN KEY (`duenio_id`) REFERENCES `patitas_duenos` (`id`),
  CONSTRAINT `patitas_resenas_ibfk_3` FOREIGN KEY (`cuidador_id`) REFERENCES `patitas_cuidadores` (`id`),
  CONSTRAINT `patitas_resenas_chk_1` CHECK ((`calificacion` between 1 and 5))
) ENGINE=InnoDB DEFAULT CHARSET=utf8mb4 COLLATE=utf8mb4_general_ci;
/*!40101 SET character_set_client = @saved_cs_client */;

--
-- Dumping data for table `patitas_resenas`
--

/*!40000 ALTER TABLE `patitas_resenas` DISABLE KEYS */;
/*!40000 ALTER TABLE `patitas_resenas` ENABLE KEYS */;

--
-- Table structure for table `patitas_reserva_mascotas`
--

DROP TABLE IF EXISTS `patitas_reserva_mascotas`;
/*!40101 SET @saved_cs_client     = @@character_set_client */;
/*!50503 SET character_set_client = utf8mb4 */;
CREATE TABLE `patitas_reserva_mascotas` (
  `id` int NOT NULL AUTO_INCREMENT,
  `reserva_id` int DEFAULT NULL,
  `mascota_id` int DEFAULT NULL,
  PRIMARY KEY (`id`),
  KEY `reserva_id` (`reserva_id`),
  KEY `mascota_id` (`mascota_id`),
  CONSTRAINT `patitas_reserva_mascotas_ibfk_1` FOREIGN KEY (`reserva_id`) REFERENCES `patitas_reservas` (`id`) ON DELETE CASCADE,
  CONSTRAINT `patitas_reserva_mascotas_ibfk_2` FOREIGN KEY (`mascota_id`) REFERENCES `patitas_mascotas` (`id`) ON DELETE CASCADE
) ENGINE=InnoDB DEFAULT CHARSET=utf8mb4 COLLATE=utf8mb4_general_ci;
/*!40101 SET character_set_client = @saved_cs_client */;

--
-- Dumping data for table `patitas_reserva_mascotas`
--

/*!40000 ALTER TABLE `patitas_reserva_mascotas` DISABLE KEYS */;
/*!40000 ALTER TABLE `patitas_reserva_mascotas` ENABLE KEYS */;

--
-- Table structure for table `patitas_reservas`
--

DROP TABLE IF EXISTS `patitas_reservas`;
/*!40101 SET @saved_cs_client     = @@character_set_client */;
/*!50503 SET character_set_client = utf8mb4 */;
CREATE TABLE `patitas_reservas` (
  `id` int NOT NULL AUTO_INCREMENT,
  `duenio_id` int DEFAULT NULL,
  `cuidador_id` int DEFAULT NULL,
  `fecha_inicio` date DEFAULT NULL,
  `fecha_fin` date DEFAULT NULL,
  `servicio` enum('Alojamiento','Cuidado a domicilio','Visitas a domicilio','Paseos','Guardería de día','Taxi') CHARACTER SET utf8mb4 COLLATE utf8mb4_general_ci DEFAULT NULL,
  `estado` enum('pendiente','confirmada','rechazada','cancelada','finalizada') CHARACTER SET utf8mb4 COLLATE utf8mb4_general_ci DEFAULT 'pendiente',
  `total` decimal(10,2) DEFAULT NULL,
  `numero_mascotas` int DEFAULT NULL,
  `fecha_creacion` timestamp NULL DEFAULT CURRENT_TIMESTAMP,
  PRIMARY KEY (`id`),
  KEY `cuidador_id` (`cuidador_id`),
  KEY `fk_duenio_id` (`duenio_id`),
  CONSTRAINT `fk_duenio_id` FOREIGN KEY (`duenio_id`) REFERENCES `patitas_duenos` (`id`),
  CONSTRAINT `patitas_reservas_ibfk_1` FOREIGN KEY (`duenio_id`) REFERENCES `patitas_duenos` (`id`),
  CONSTRAINT `patitas_reservas_ibfk_2` FOREIGN KEY (`cuidador_id`) REFERENCES `patitas_cuidadores` (`id`)
) ENGINE=InnoDB AUTO_INCREMENT=225 DEFAULT CHARSET=utf8mb4 COLLATE=utf8mb4_general_ci;
/*!40101 SET character_set_client = @saved_cs_client */;

--
-- Dumping data for table `patitas_reservas`
--

/*!40000 ALTER TABLE `patitas_reservas` DISABLE KEYS */;
INSERT INTO `patitas_reservas` VALUES (150,19,1,'2025-05-02','2025-05-05','Taxi','finalizada',27.87,1,'2025-05-03 13:23:27'),(151,13,1,'2025-05-09','2025-05-12','Guardería de día','finalizada',54.00,1,'2025-05-03 13:23:27'),(152,21,1,'2025-05-04','2025-05-07','Taxi','finalizada',32.87,1,'2025-05-03 13:23:27'),(153,46,1,'2025-05-06','2025-05-08','Alojamiento','finalizada',46.00,1,'2025-05-03 13:23:27'),(154,50,1,'2025-05-02','2025-05-03','Visitas a domicilio','finalizada',11.00,1,'2025-05-03 13:23:27'),(155,40,2,'2025-05-02','2025-05-04','Alojamiento','finalizada',72.00,1,'2025-05-03 13:23:27'),(156,15,2,'2025-05-06','2025-05-09','Cuidado a domicilio','finalizada',114.00,1,'2025-05-03 13:23:27'),(157,32,2,'2025-05-09','2025-05-11','Alojamiento','finalizada',72.00,1,'2025-05-03 13:23:27'),(158,38,2,'2025-05-07','2025-05-09','Alojamiento','finalizada',72.00,1,'2025-05-03 13:23:27'),(159,14,2,'2025-05-01','2025-05-02','Cuidado a domicilio','finalizada',38.00,1,'2025-05-03 13:23:27'),(160,42,3,'2025-05-05','2025-05-07','Taxi','finalizada',29.67,1,'2025-05-03 13:23:27'),(161,27,3,'2025-05-01','2025-05-03','Alojamiento','finalizada',74.00,1,'2025-05-03 13:23:27'),(162,4,3,'2025-05-06','2025-05-09','Cuidado a domicilio','finalizada',114.00,1,'2025-05-03 13:23:27'),(163,36,3,'2025-05-06','2025-05-09','Visitas a domicilio','finalizada',78.00,1,'2025-05-03 13:23:27'),(164,2,3,'2025-05-04','2025-05-07','Taxi','finalizada',25.32,1,'2025-05-03 13:23:27'),(165,22,4,'2025-05-08','2025-05-09','Taxi','finalizada',21.59,1,'2025-05-03 13:23:27'),(166,38,4,'2025-05-08','2025-05-11','Alojamiento','finalizada',111.00,1,'2025-05-03 13:23:27'),(167,20,4,'2025-05-06','2025-05-07','Alojamiento','finalizada',37.00,1,'2025-05-03 13:23:27'),(168,13,4,'2025-05-02','2025-05-03','Taxi','finalizada',19.72,1,'2025-05-03 13:23:27'),(169,29,4,'2025-05-09','2025-05-10','Alojamiento','finalizada',37.00,1,'2025-05-03 13:23:27'),(170,1,5,'2025-05-05','2025-05-07','Visitas a domicilio','finalizada',52.00,1,'2025-05-03 13:23:27'),(171,14,5,'2025-05-08','2025-05-11','Alojamiento','finalizada',114.00,1,'2025-05-03 13:23:27'),(172,33,5,'2025-05-09','2025-05-11','Visitas a domicilio','finalizada',52.00,1,'2025-05-03 13:23:27'),(173,12,5,'2025-05-02','2025-05-05','Alojamiento','finalizada',114.00,1,'2025-05-03 13:23:27'),(174,39,5,'2025-05-01','2025-05-02','Alojamiento','finalizada',38.00,1,'2025-05-03 13:23:27'),(175,5,6,'2025-05-04','2025-05-05','Alojamiento','finalizada',37.00,1,'2025-05-03 13:24:16'),(176,46,6,'2025-05-09','2025-05-12','Taxi','finalizada',35.80,1,'2025-05-03 13:24:16'),(177,5,6,'2025-05-01','2025-05-04','Taxi','finalizada',21.61,1,'2025-05-03 13:24:16'),(178,1,6,'2025-05-08','2025-05-11','Alojamiento','finalizada',111.00,1,'2025-05-03 13:24:16'),(179,27,6,'2025-05-08','2025-05-09','Taxi','finalizada',22.90,1,'2025-05-03 13:24:16'),(180,14,7,'2025-05-08','2025-05-10','Visitas a domicilio','finalizada',48.00,1,'2025-05-03 13:24:16'),(181,9,7,'2025-05-03','2025-05-06','Visitas a domicilio','finalizada',72.00,1,'2025-05-03 13:24:16'),(182,41,7,'2025-05-09','2025-05-10','Guardería de día','finalizada',30.00,1,'2025-05-03 13:24:16'),(183,12,7,'2025-05-10','2025-05-11','Guardería de día','finalizada',30.00,1,'2025-05-03 13:24:16'),(184,37,7,'2025-05-05','2025-05-06','Guardería de día','finalizada',30.00,1,'2025-05-03 13:24:16'),(185,14,8,'2025-05-06','2025-05-08','Visitas a domicilio','finalizada',48.00,1,'2025-05-03 13:24:16'),(186,15,8,'2025-05-06','2025-05-08','Alojamiento','finalizada',72.00,1,'2025-05-03 13:24:16'),(187,22,8,'2025-05-07','2025-05-09','Visitas a domicilio','finalizada',48.00,1,'2025-05-03 13:24:16'),(188,24,8,'2025-05-07','2025-05-08','Alojamiento','finalizada',36.00,1,'2025-05-03 13:24:16'),(189,22,8,'2025-05-06','2025-05-08','Taxi','finalizada',29.20,1,'2025-05-03 13:24:16'),(190,50,9,'2025-05-04','2025-05-05','Alojamiento','finalizada',37.00,1,'2025-05-03 13:24:16'),(191,50,9,'2025-05-07','2025-05-09','Taxi','finalizada',32.23,1,'2025-05-03 13:24:16'),(192,6,9,'2025-05-08','2025-05-11','Paseos','finalizada',66.00,1,'2025-05-03 13:24:16'),(193,28,9,'2025-05-11','2025-05-12','Alojamiento','finalizada',37.00,1,'2025-05-03 13:24:16'),(194,17,9,'2025-05-03','2025-05-06','Alojamiento','finalizada',111.00,1,'2025-05-03 13:24:16'),(195,48,10,'2025-05-06','2025-05-08','Taxi','finalizada',14.06,1,'2025-05-03 13:24:16'),(196,26,10,'2025-05-06','2025-05-08','Visitas a domicilio','finalizada',20.00,1,'2025-05-03 13:24:16'),(197,17,10,'2025-05-06','2025-05-08','Taxi','finalizada',16.96,1,'2025-05-03 13:24:16'),(198,30,10,'2025-05-03','2025-05-05','Visitas a domicilio','finalizada',20.00,1,'2025-05-03 13:24:16'),(199,51,10,'2025-05-11','2025-05-14','Visitas a domicilio','finalizada',30.00,1,'2025-05-03 13:24:16'),(200,2,11,'2025-05-05','2025-05-07','Taxi','finalizada',13.36,1,'2025-05-03 13:25:03'),(201,41,11,'2025-05-10','2025-05-13','Paseos','finalizada',21.00,1,'2025-05-03 13:25:03'),(202,40,11,'2025-05-01','2025-05-04','Taxi','finalizada',17.20,1,'2025-05-03 13:25:03'),(203,35,11,'2025-05-03','2025-05-04','Taxi','finalizada',15.76,1,'2025-05-03 13:25:03'),(204,15,11,'2025-05-06','2025-05-09','Paseos','finalizada',21.00,1,'2025-05-03 13:25:03'),(205,22,12,'2025-05-04','2025-05-05','Alojamiento','finalizada',22.00,1,'2025-05-03 13:25:03'),(206,40,12,'2025-05-10','2025-05-12','Visitas a domicilio','finalizada',20.00,1,'2025-05-03 13:25:03'),(207,43,12,'2025-05-10','2025-05-13','Cuidado a domicilio','finalizada',72.00,1,'2025-05-03 13:25:03'),(208,39,12,'2025-05-02','2025-05-03','Alojamiento','finalizada',22.00,1,'2025-05-03 13:25:03'),(209,3,12,'2025-05-06','2025-05-07','Taxi','finalizada',15.20,1,'2025-05-03 13:25:03'),(210,20,13,'2025-05-11','2025-05-12','Alojamiento','finalizada',24.00,1,'2025-05-03 13:25:03'),(211,16,13,'2025-05-10','2025-05-12','Paseos','finalizada',16.00,1,'2025-05-03 13:25:03'),(212,41,13,'2025-05-09','2025-05-10','Cuidado a domicilio','finalizada',25.00,1,'2025-05-03 13:25:03'),(213,6,13,'2025-05-11','2025-05-13','Taxi','finalizada',15.28,1,'2025-05-03 13:25:03'),(214,47,13,'2025-05-08','2025-05-09','Cuidado a domicilio','finalizada',25.00,1,'2025-05-03 13:25:03'),(215,42,14,'2025-05-02','2025-05-04','Cuidado a domicilio','finalizada',70.00,1,'2025-05-03 13:25:03'),(216,6,14,'2025-05-07','2025-05-09','Alojamiento','finalizada',68.00,1,'2025-05-03 13:25:03'),(217,25,14,'2025-05-10','2025-05-11','Cuidado a domicilio','finalizada',35.00,1,'2025-05-03 13:25:03'),(218,42,14,'2025-05-06','2025-05-09','Alojamiento','finalizada',102.00,1,'2025-05-03 13:25:03'),(219,8,14,'2025-05-10','2025-05-11','Cuidado a domicilio','finalizada',35.00,1,'2025-05-03 13:25:03'),(220,12,15,'2025-05-02','2025-05-05','Paseos','finalizada',54.00,1,'2025-05-03 13:25:03'),(221,17,15,'2025-05-10','2025-05-11','Taxi','finalizada',17.60,1,'2025-05-03 13:25:03'),(222,31,15,'2025-05-08','2025-05-09','Taxi','finalizada',24.25,1,'2025-05-03 13:25:03'),(223,10,15,'2025-05-03','2025-05-06','Cuidado a domicilio','finalizada',105.00,1,'2025-05-03 13:25:03'),(224,17,15,'2025-05-03','2025-05-05','Cuidado a domicilio','finalizada',70.00,1,'2025-05-03 13:25:03');
/*!40000 ALTER TABLE `patitas_reservas` ENABLE KEYS */;

--
-- Dumping routines for database 'guarderia_patitas'
--
/*!40103 SET TIME_ZONE=@OLD_TIME_ZONE */;

/*!40101 SET SQL_MODE=@OLD_SQL_MODE */;
/*!40014 SET FOREIGN_KEY_CHECKS=@OLD_FOREIGN_KEY_CHECKS */;
/*!40014 SET UNIQUE_CHECKS=@OLD_UNIQUE_CHECKS */;
/*!40101 SET CHARACTER_SET_CLIENT=@OLD_CHARACTER_SET_CLIENT */;
/*!40101 SET CHARACTER_SET_RESULTS=@OLD_CHARACTER_SET_RESULTS */;
/*!40101 SET COLLATION_CONNECTION=@OLD_COLLATION_CONNECTION */;
/*!40111 SET SQL_NOTES=@OLD_SQL_NOTES */;

-- Dump completed on 2025-05-03 15:25:16
